X,Y,fid,pile_id,base_mode,notes,distance,angle,dsm_1
67923.083693663,224205.847616661,1,P02,perimeter_tin,,0,76.2390826108511,5.5661768913269
67923.3335343766,224205.856539544,2,P02,perimeter_tin,,0.25,87.9545915114574,5.57330417633057
67923.5833750901,224205.865462427,3,P02,perimeter_tin,,0.5,87.9545915114574,5.56435632705688
67923.8332158037,224205.874385309,4,P02,perimeter_tin,,0.75,87.9545915114574,5.56618738174438
67924.079516642,224205.847189885,5,P02,perimeter_tin,,1,103.240519915613,5.56306266784668
67924.3228709341,224205.789930052,6,P02,perimeter_tin,,1.25,103.240519915613,5.57158136367798
67924.5662252262,224205.732670218,7,P02,perimeter_tin,,1.5,103.240519915613,5.58217573165894
67924.8095795183,224205.675410385,8,P02,perimeter_tin,,1.75,103.240519915613,5.58350086212158
67925.0529338104,224205.618150551,9,P02,perimeter_tin,,2,103.240519915613,5.58501291275024
67925.2945119853,224205.555229325,10,P02,perimeter_tin,,2.25,111.595310448805,5.58787631988525
67925.5269636386,224205.463217213,11,P02,perimeter_tin,,2.5,111.595310448805,5.58797407150269
67925.7594152918,224205.3712051,12,P02,perimeter_tin,,2.75,111.595310448805,5.60161304473877
67925.9918669451,224205.279192987,13,P02,perimeter_tin,,3,111.595310448805,5.60320138931274
67926.2243185984,224205.187180874,14,P02,perimeter_tin,,3.25,111.595310448805,5.59880638122559
67926.4567702517,224205.095168762,15,P02,perimeter_tin,,3.5,111.595310448805,5.5907998085022
67926.6892219049,224205.003156649,16,P02,perimeter_tin,,3.75,111.595310448805,5.58770275115967
67926.9216735582,224204.911144536,17,P02,perimeter_tin,,4,111.595310448805,5.58866834640503
67927.1541252115,224204.819132423,18,P02,perimeter_tin,,4.25,111.595310448805,5.59040403366089
67927.3865768647,224204.727120311,19,P02,perimeter_tin,,4.5,111.595310448805,5.58532428741455
67927.6115563865,224204.619009742,20,P02,perimeter_tin,,4.75,118.20162821843,5.59083127975464
67927.8318788922,224204.50086579,21,P02,perimeter_tin,,5,118.20162821843,5.58961534500122
67928.0522013979,224204.382721838,22,P02,perimeter_tin,,5.25,118.20162821843,5.59127759933472
67928.2725239037,224204.264577885,23,P02,perimeter_tin,,5.5,118.20162821843,5.5841851234436
67928.4928464094,224204.146433933,24,P02,perimeter_tin,,5.75,118.20162821843,5.58412551879883
67928.7131689151,224204.028289981,25,P02,perimeter_tin,,6,118.20162821843,5.58569431304932
67928.9334914208,224203.910146028,26,P02,perimeter_tin,,6.25,118.20162821843,5.58434915542603
67929.1538139265,224203.792002076,27,P02,perimeter_tin,,6.5,118.20162821843,5.57421016693115
67929.3741364322,224203.673858124,28,P02,perimeter_tin,,6.75,118.20162821843,5.56303644180298
67929.594458938,224203.555714171,29,P02,perimeter_tin,,7,118.20162821843,5.56160020828247
67929.8032946009,224203.418351268,30,P02,perimeter_tin,,7.25,123.530469667308,5.55111265182495
67930.0116926475,224203.280256177,31,P02,perimeter_tin,,7.5,123.530469667308,5.5561990737915
67930.220090694,224203.142161086,32,P02,perimeter_tin,,7.75,123.530469667308,5.55806636810303
67930.4284887406,224203.004065995,33,P02,perimeter_tin,,8,123.530469667308,5.5468544960022
67930.6368867872,224202.865970904,34,P02,perimeter_tin,,8.25,123.530469667308,5.54921388626099
67930.8452848337,224202.727875813,35,P02,perimeter_tin,,8.5,123.530469667308,5.53664970397949
67931.0546840543,224202.591306188,36,P02,perimeter_tin,,8.75,123.023867555904,5.52907705307007
67931.2642949583,224202.4550591,37,P02,perimeter_tin,,9,123.023867555904,5.5259428024292
67931.4739058624,224202.318812012,38,P02,perimeter_tin,,9.25,123.023867555904,5.52518224716187
67931.6835167665,224202.182564925,39,P02,perimeter_tin,,9.5,123.023867555904,5.51616525650024
67931.8931276705,224202.046317837,40,P02,perimeter_tin,,9.75,123.023867555904,5.50055027008057
67932.1027385746,224201.910070749,41,P02,perimeter_tin,,10,123.023867555904,5.49294233322144
67932.3123494787,224201.773823662,42,P02,perimeter_tin,,10.25,123.023867555904,5.49619626998901
67932.5219603828,224201.637576574,43,P02,perimeter_tin,,10.5,123.023867555904,5.49468898773193
67932.7315712868,224201.501329486,44,P02,perimeter_tin,,10.75,123.023867555904,5.50685501098633
67932.9411821909,224201.365082399,45,P02,perimeter_tin,,11,123.023867555904,5.50724267959595
67933.150793095,224201.228835311,46,P02,perimeter_tin,,11.25,123.023867555904,5.51085329055786
67933.3578834533,224201.089611542,47,P02,perimeter_tin,,11.5,137.489552921879,5.50890970230103
67933.5268146104,224200.905323006,48,P02,perimeter_tin,,11.75,137.489552921879,5.50887393951416
67933.6957457676,224200.721034471,49,P02,perimeter_tin,,12,137.489552921879,5.52629852294922
67933.8646769247,224200.536745936,50,P02,perimeter_tin,,12.25,137.489552921879,5.53768253326416
67934.0336080819,224200.352457401,51,P02,perimeter_tin,,12.5,137.489552921879,5.55258369445801
67934.202539239,224200.168168866,52,P02,perimeter_tin,,12.75,137.489552921879,5.57247829437256
67934.3714703961,224199.983880331,53,P02,perimeter_tin,,13,137.489552921879,5.57983160018921
67934.5404015532,224199.799591796,54,P02,perimeter_tin,,13.25,137.489552921879,5.5846586227417
67934.7093327104,224199.615303261,55,P02,perimeter_tin,,13.5,137.489552921879,5.58519744873047
67934.8782638675,224199.431014726,56,P02,perimeter_tin,,13.75,137.489552921879,5.59499979019165
67935.0471950246,224199.246726191,57,P02,perimeter_tin,,14,137.489552921879,5.57381010055542
67935.2161261818,224199.062437656,58,P02,perimeter_tin,,14.25,137.489552921879,5.57797765731812
67935.3850573389,224198.878149121,59,P02,perimeter_tin,,14.5,137.489552921879,5.58817529678345
67935.553988496,224198.693860586,60,P02,perimeter_tin,,14.75,137.489552921879,5.60620069503784
67935.7229196531,224198.509572051,61,P02,perimeter_tin,,15,137.489552921879,5.6176381111145
67935.8918508103,224198.325283516,62,P02,perimeter_tin,,15.25,137.489552921879,5.62860012054443
67936.0607819674,224198.140994981,63,P02,perimeter_tin,,15.5,137.489552921879,5.6312427520752
67936.2297131245,224197.956706446,64,P02,perimeter_tin,,15.75,137.489552921879,5.62494802474976
67936.3986442817,224197.772417911,65,P02,perimeter_tin,,16,137.489552921879,5.64286851882935
67936.5675754388,224197.588129376,66,P02,perimeter_tin,,16.25,137.489552921879,5.63162517547607
67936.7365065959,224197.403840841,67,P02,perimeter_tin,,16.5,137.489552921879,5.64763736724854
67936.9054377531,224197.219552305,68,P02,perimeter_tin,,16.75,137.489552921879,5.64623260498047
67937.0743689102,224197.03526377,69,P02,perimeter_tin,,17,137.489552921879,5.65335130691528
67937.2433000673,224196.850975235,70,P02,perimeter_tin,,17.25,137.489552921879,5.64807367324829
67937.4122312244,224196.6666867,71,P02,perimeter_tin,,17.5,137.489552921879,5.66100406646729
67937.5811623816,224196.482398165,72,P02,perimeter_tin,,17.75,137.489552921879,5.65315437316895
67937.7500935387,224196.29810963,73,P02,perimeter_tin,,18,137.489552921879,5.64771842956543
67937.9190246958,224196.113821095,74,P02,perimeter_tin,,18.25,137.489552921879,5.64316558837891
67938.087955853,224195.92953256,75,P02,perimeter_tin,,18.5,137.489552921879,5.63958311080933
67938.2568870101,224195.745244025,76,P02,perimeter_tin,,18.75,137.489552921879,5.6392297744751
67938.4258181672,224195.56095549,77,P02,perimeter_tin,,19,137.489552921879,5.65126991271973
67938.5947493243,224195.376666955,78,P02,perimeter_tin,,19.25,137.489552921879,5.65488958358765
67938.7636804815,224195.19237842,79,P02,perimeter_tin,,19.5,137.489552921879,5.65202808380127
67938.9326116386,224195.008089885,80,P02,perimeter_tin,,19.75,137.489552921879,5.64616870880127
67939.1015427957,224194.82380135,81,P02,perimeter_tin,,20,137.489552921879,5.64820957183838
67939.2508436561,224194.623375786,82,P02,perimeter_tin,,20.25,143.666815268825,5.65281677246094
67939.3989636209,224194.42197947,83,P02,perimeter_tin,,20.5,143.666815268825,5.64922714233398
67939.5470835857,224194.220583154,84,P02,perimeter_tin,,20.75,143.666815268825,5.63667869567871
67939.6952035505,224194.019186838,85,P02,perimeter_tin,,21,143.666815268825,5.62865781784058
67939.8433235153,224193.817790523,86,P02,perimeter_tin,,21.25,143.666815268825,5.61165475845337
67939.9914434802,224193.616394207,87,P02,perimeter_tin,,21.5,143.666815268825,5.60716104507446
67940.139563445,224193.414997891,88,P02,perimeter_tin,,21.75,143.666815268825,5.59899854660034
67940.2876834098,224193.213601575,89,P02,perimeter_tin,,22,143.666815268825,5.60770606994629
67940.4358033746,224193.012205259,90,P02,perimeter_tin,,22.25,143.666815268825,5.62600708007812
67940.5839233395,224192.810808943,91,P02,perimeter_tin,,22.5,143.666815268825,5.63207769393921
67940.7320433043,224192.609412628,92,P02,perimeter_tin,,22.75,143.666815268825,5.63873100280762
67940.8801632691,224192.408016312,93,P02,perimeter_tin,,23,143.666815268825,5.63734006881714
67941.0282832339,224192.206619996,94,P02,perimeter_tin,,23.25,143.666815268825,5.63650560379028
67941.1764031988,224192.00522368,95,P02,perimeter_tin,,23.5,143.666815268825,5.63746309280396
67941.3245231636,224191.803827364,96,P02,perimeter_tin,,23.75,143.666815268825,5.63469314575195
67941.4726431284,224191.602431049,97,P02,perimeter_tin,,24,143.666815268825,5.63361978530884
67941.6207630932,224191.401034733,98,P02,perimeter_tin,,24.25,143.666815268825,5.63204526901245
67941.768883058,224191.199638417,99,P02,perimeter_tin,,24.5,143.666815268825,5.61135816574097
67941.9170030229,224190.998242101,100,P02,perimeter_tin,,24.75,143.666815268825,5.58271741867065
67942.0651229877,224190.796845785,101,P02,perimeter_tin,,25,143.666815268825,5.58047533035278
67942.2132429525,224190.59544947,102,P02,perimeter_tin,,25.25,143.666815268825,5.59489059448242
67942.3613629173,224190.394053154,103,P02,perimeter_tin,,25.5,143.666815268825,5.5978946685791
67942.5094828822,224190.192656838,104,P02,perimeter_tin,,25.75,143.666815268825,5.59430503845215
67942.657602847,224189.991260522,105,P02,perimeter_tin,,26,143.666815268825,5.59792804718018
67942.8057228118,224189.789864206,106,P02,perimeter_tin,,26.25,143.666815268825,5.6003246307373
67942.9538427766,224189.588467891,107,P02,perimeter_tin,,26.5,143.666815268825,5.60912418365479
67943.0325901256,224189.358569828,108,P02,perimeter_tin,,26.75,171.662555561122,5.60349178314209
67943.0688408391,224189.111212019,109,P02,perimeter_tin,,27,171.662555561122,5.59240007400513
67943.1050915525,224188.86385421,110,P02,perimeter_tin,,27.25,171.662555561122,5.55302381515503
67943.1413422659,224188.616496401,111,P02,perimeter_tin,,27.5,171.662555561122,5.53937911987305
67943.1775929793,224188.369138592,112,P02,perimeter_tin,,27.75,171.662555561122,5.54037570953369
67943.2138436927,224188.121780782,113,P02,perimeter_tin,,28,171.662555561122,5.55921745300293
67943.2500944062,224187.874422973,114,P02,perimeter_tin,,28.25,171.662555561122,5.58243179321289
67943.2863451196,224187.627065164,115,P02,perimeter_tin,,28.5,171.662555561122,5.57440710067749
67943.322595833,224187.379707355,116,P02,perimeter_tin,,28.75,171.662555561122,5.56352853775024
67943.3588465464,224187.132349546,117,P02,perimeter_tin,,29,171.662555561122,5.56015682220459
67943.3950972598,224186.884991736,118,P02,perimeter_tin,,29.25,171.662555561122,5.58259963989258
67943.4313479733,224186.637633927,119,P02,perimeter_tin,,29.5,171.662555561122,5.60490465164185
67943.4675986867,224186.390276118,120,P02,perimeter_tin,,29.75,171.662555561122,5.61312913894653
67943.5038494001,224186.142918309,121,P02,perimeter_tin,,30,171.662555561122,5.62765598297119
67943.5401001135,224185.8955605,122,P02,perimeter_tin,,30.25,171.662555561122,5.63587236404419
67943.5763508269,224185.64820269,123,P02,perimeter_tin,,30.5,171.662555561122,5.64279127120972
67943.6126015404,224185.400844881,124,P02,perimeter_tin,,30.75,171.662555561122,5.62182521820068
67943.6488522538,224185.153487072,125,P02,perimeter_tin,,31,171.662555561122,5.6048059463501
67943.6851029672,224184.906129263,126,P02,perimeter_tin,,31.25,171.662555561122,5.59131336212158
67943.7213536806,224184.658771453,127,P02,perimeter_tin,,31.5,171.662555561122,5.57934141159058
67943.757604394,224184.411413644,128,P02,perimeter_tin,,31.75,171.662555561122,5.59251260757446
67943.7938551074,224184.164055835,129,P02,perimeter_tin,,32,171.662555561122,5.59674739837646
67943.7561446312,224183.917638074,130,P02,perimeter_tin,,32.25,189.7938273585,5.57960653305054
67943.7136187969,224183.671281517,131,P02,perimeter_tin,,32.5,189.7938273585,5.58377981185913
67943.6710929626,224183.424924959,132,P02,perimeter_tin,,32.75,189.7938273585,5.56210041046143
67943.6285671283,224183.178568402,133,P02,perimeter_tin,,33,189.7938273585,5.54004716873169
67943.5860412939,224182.932211844,134,P02,perimeter_tin,,33.25,189.7938273585,5.52971172332764
67943.5435154596,224182.685855287,135,P02,perimeter_tin,,33.5,189.7938273585,5.50667142868042
67943.5009896253,224182.439498729,136,P02,perimeter_tin,,33.75,189.7938273585,5.48448324203491
67943.458463791,224182.193142172,137,P02,perimeter_tin,,34,189.7938273585,5.48599815368652
67943.4159379566,224181.946785614,138,P02,perimeter_tin,,34.25,189.7938273585,5.47853851318359
67943.3734121223,224181.700429057,139,P02,perimeter_tin,,34.5,189.7938273585,5.46214532852173
67943.315195312,224181.458017989,140,P02,perimeter_tin,,34.75,198.434948822922,5.45619297027588
67943.2361383705,224181.220847165,141,P02,perimeter_tin,,35,198.434948822922,5.46285390853882
67943.157081429,224180.98367634,142,P02,perimeter_tin,,35.25,198.434948822922,5.45302391052246
67943.0780244875,224180.746505516,143,P02,perimeter_tin,,35.5,198.434948822922,5.44219350814819
67942.998967546,224180.509334691,144,P02,perimeter_tin,,35.75,198.434948822922,5.43905544281006
67942.9199106045,224180.272163867,145,P02,perimeter_tin,,36,198.434948822922,5.44644212722778
67942.8340039184,224180.037568369,146,P02,perimeter_tin,,36.25,202.774969549007,5.43029689788818
67942.7372257132,224179.80706028,147,P02,perimeter_tin,,36.5,202.774969549007,5.42368268966675
67942.6404475079,224179.576552191,148,P02,perimeter_tin,,36.75,202.774969549007,5.42695331573486
67942.5436693027,224179.346044102,149,P02,perimeter_tin,,37,202.774969549007,5.42280054092407
67942.4468910975,224179.115536014,150,P02,perimeter_tin,,37.25,202.774969549007,5.42495155334473
67942.3501128923,224178.885027925,151,P02,perimeter_tin,,37.5,202.774969549007,5.42638921737671
67942.2533346871,224178.654519836,152,P02,perimeter_tin,,37.75,202.774969549007,5.42022228240967
67942.1565564819,224178.424011747,153,P02,perimeter_tin,,38,202.774969549007,5.42274379730225
67942.0597782766,224178.193503658,154,P02,perimeter_tin,,38.25,202.774969549007,5.42098903656006
67941.9439716513,224177.972549757,155,P02,perimeter_tin,,38.5,210.547571748972,5.41096830368042
67941.8169082551,224177.757247892,156,P02,perimeter_tin,,38.75,210.547571748972,5.40493011474609
67941.689844859,224177.541946026,157,P02,perimeter_tin,,39,210.547571748972,5.39939069747925
67941.5627814629,224177.32664416,158,P02,perimeter_tin,,39.25,210.547571748972,5.40309238433838
67941.4357180667,224177.111342295,159,P02,perimeter_tin,,39.5,210.547571748972,5.41317462921143
67941.3086546706,224176.896040429,160,P02,perimeter_tin,,39.75,210.547571748972,5.39514112472534
67941.1815912744,224176.680738563,161,P02,perimeter_tin,,40,210.547571748972,5.40684366226196
67941.0545278783,224176.465436698,162,P02,perimeter_tin,,40.25,210.547571748972,5.41160249710083
67940.9274644822,224176.250134832,163,P02,perimeter_tin,,40.5,210.547571748972,5.41292858123779
67940.7872888118,224176.043198564,164,P02,perimeter_tin,,40.75,214.527971655713,5.4176197052002
67940.6455866854,224175.837236171,165,P02,perimeter_tin,,41,214.527971655713,5.4194917678833
67940.503884559,224175.631273778,166,P02,perimeter_tin,,41.25,214.527971655713,5.42185258865356
67940.3621824325,224175.425311385,167,P02,perimeter_tin,,41.5,214.527971655713,5.42830038070679
67940.2204803061,224175.219348992,168,P02,perimeter_tin,,41.75,214.527971655713,5.42693948745728
67940.0787781797,224175.013386598,169,P02,perimeter_tin,,42,214.527971655713,5.43122100830078
67939.9370760532,224174.807424205,170,P02,perimeter_tin,,42.25,214.527971655713,5.42819929122925
67939.7953739268,224174.601461812,171,P02,perimeter_tin,,42.5,214.527971655713,5.43242073059082
67939.6536718003,224174.395499419,172,P02,perimeter_tin,,42.75,214.527971655713,5.43361711502075
67939.494097928,224174.204226892,173,P02,perimeter_tin,,43,224.309722801923,5.42665338516235
67939.3194637468,224174.02533334,174,P02,perimeter_tin,,43.25,224.309722801923,5.42573404312134
67939.1448295656,224173.846439789,175,P02,perimeter_tin,,43.5,224.309722801923,5.421959400177
67938.9701953844,224173.667546237,176,P02,perimeter_tin,,43.75,224.309722801923,5.41050243377686
67938.7955612033,224173.488652686,177,P02,perimeter_tin,,44,224.309722801923,5.41946744918823
67938.6209270221,224173.309759134,178,P02,perimeter_tin,,44.25,224.309722801923,5.38742733001709
67938.4462928409,224173.130865583,179,P02,perimeter_tin,,44.5,224.309722801923,5.30290699005127
67938.2716586597,224172.951972031,180,P02,perimeter_tin,,44.75,224.309722801923,5.17794418334961
67938.0970244785,224172.77307848,181,P02,perimeter_tin,,45,224.309722801923,5.13056135177612
67937.9223902973,224172.594184929,182,P02,perimeter_tin,,45.25,224.309722801923,5.11259841918945
67937.7477561161,224172.415291377,183,P02,perimeter_tin,,45.5,224.309722801923,5.11202430725098
67937.5731219349,224172.236397826,184,P02,perimeter_tin,,45.75,224.309722801923,5.11044216156006
67937.3984877537,224172.057504274,185,P02,perimeter_tin,,46,224.309722801923,5.22817850112915
67937.2238535725,224171.878610723,186,P02,perimeter_tin,,46.25,224.309722801923,5.33549785614014
67937.0469893475,224171.702373553,187,P02,perimeter_tin,,46.5,235.663072125289,5.37987613677979
67936.8405556167,224171.561358962,188,P02,perimeter_tin,,46.75,235.663072125289,5.3894476890564
67936.6341218859,224171.420344371,189,P02,perimeter_tin,,47,235.663072125289,5.41454887390137
67936.4276881551,224171.279329781,190,P02,perimeter_tin,,47.25,235.663072125289,5.41597032546997
67936.2212544244,224171.13831519,191,P02,perimeter_tin,,47.5,235.663072125289,5.40765523910522
67936.0148206936,224170.997300599,192,P02,perimeter_tin,,47.75,235.663072125289,5.42818260192871
67935.8083869628,224170.856286008,193,P02,perimeter_tin,,48,235.663072125289,5.42649984359741
67935.6019532321,224170.715271418,194,P02,perimeter_tin,,48.25,235.663072125289,5.41557168960571
67935.3955195013,224170.574256827,195,P02,perimeter_tin,,48.5,235.663072125289,5.41638278961182
67935.1890857705,224170.433242236,196,P02,perimeter_tin,,48.75,235.663072125289,5.40862321853638
67934.9826520398,224170.292227646,197,P02,perimeter_tin,,49,235.663072125289,5.39329624176025
67934.7715947641,224170.15854969,198,P02,perimeter_tin,,49.25,239.898695434621,5.40825700759888
67934.5553097637,224170.033167081,199,P02,perimeter_tin,,49.5,239.898695434621,5.3980860710144
67934.3390247634,224169.907784472,200,P02,perimeter_tin,,49.75,239.898695434621,5.40756177902222
67934.122739763,224169.782401863,201,P02,perimeter_tin,,50,239.898695434621,5.40040826797485
67933.9064547626,224169.657019254,202,P02,perimeter_tin,,50.25,239.898695434621,5.40219497680664
67933.6777582036,224169.559933026,203,P02,perimeter_tin,,50.5,252.734190504909,5.41611242294312
67933.4390236826,224169.485731756,204,P02,perimeter_tin,,50.75,252.734190504909,5.432204246521
67933.2002891616,224169.411530486,205,P02,perimeter_tin,,51,252.734190504909,5.44506359100342
67932.9615546406,224169.337329216,206,P02,perimeter_tin,,51.25,252.734190504909,5.45102214813232
67932.7228201196,224169.263127946,207,P02,perimeter_tin,,51.5,252.734190504909,5.46624422073364
67932.4840855986,224169.188926676,208,P02,perimeter_tin,,51.75,252.734190504909,5.47421741485596
67932.2453510776,224169.114725406,209,P02,perimeter_tin,,52,252.734190504909,5.48311281204224
67932.0066165565,224169.040524136,210,P02,perimeter_tin,,52.25,252.734190504909,5.48582553863525
67931.7678820355,224168.966322866,211,P02,perimeter_tin,,52.5,252.734190504909,5.49461555480957
67931.5291475145,224168.892121596,212,P02,perimeter_tin,,52.75,252.734190504909,5.5091700553894
67931.2801020475,224168.870358824,213,P02,perimeter_tin,,53,265.01758040959,5.54033422470093
67931.031046699,224168.848646307,214,P02,perimeter_tin,,53.25,265.01758040959,5.58517217636108
67930.7819913506,224168.826933789,215,P02,perimeter_tin,,53.5,265.01758040959,5.60531330108643
67930.5329360022,224168.805221272,216,P02,perimeter_tin,,53.75,265.01758040959,5.63192510604858
67930.2838806537,224168.783508754,217,P02,perimeter_tin,,54,265.01758040959,5.65613508224487
67930.0348253053,224168.761796237,218,P02,perimeter_tin,,54.25,265.01758040959,5.63698053359985
67929.7857699569,224168.740083719,219,P02,perimeter_tin,,54.5,265.01758040959,5.63694477081299
67929.5367146084,224168.718371202,220,P02,perimeter_tin,,54.75,265.01758040959,5.64946985244751
67929.28765926,224168.696658684,221,P02,perimeter_tin,,55,265.01758040959,5.65778255462646
67929.0386039116,224168.674946166,222,P02,perimeter_tin,,55.25,265.01758040959,5.67527008056641
67928.7895485632,224168.653233649,223,P02,perimeter_tin,,55.5,265.01758040959,5.67747402191162
67928.5404932147,224168.631521131,224,P02,perimeter_tin,,55.75,265.01758040959,5.68963527679443
67928.2920896101,224168.656759887,225,P02,perimeter_tin,,56,276.572994986314,5.72099494934082
67928.043732903,224168.685377121,226,P02,perimeter_tin,,56.25,276.572994986314,5.7484769821167
67927.795376196,224168.713994355,227,P02,perimeter_tin,,56.5,276.572994986314,5.77021455764771
67927.5470194889,224168.742611588,228,P02,perimeter_tin,,56.75,276.572994986314,5.76383876800537
67927.2986627819,224168.771228822,229,P02,perimeter_tin,,57,276.572994986314,5.76415395736694
67927.0503060749,224168.799846056,230,P02,perimeter_tin,,57.25,276.572994986314,5.76955556869507
67926.8019493678,224168.82846329,231,P02,perimeter_tin,,57.5,276.572994986314,5.80377149581909
67926.5535926608,224168.857080523,232,P02,perimeter_tin,,57.75,276.572994986314,5.82651233673096
67926.3052359537,224168.885697757,233,P02,perimeter_tin,,58,276.572994986314,5.84940052032471
67926.0568792467,224168.914314991,234,P02,perimeter_tin,,58.25,276.572994986314,5.8751859664917
67925.8085225396,224168.942932224,235,P02,perimeter_tin,,58.5,276.572994986314,5.88496351242065
67925.5601658326,224168.971549458,236,P02,perimeter_tin,,58.75,276.572994986314,5.88242816925049
67925.3118091256,224169.000166692,237,P02,perimeter_tin,,59,276.572994986314,5.89972639083862
67925.0634524185,224169.028783926,238,P02,perimeter_tin,,59.25,276.572994986314,5.8876314163208
67924.8150957115,224169.057401159,239,P02,perimeter_tin,,59.5,276.572994986314,5.91464805603027
67924.6046264568,224168.938125531,240,P02,perimeter_tin,,59.75,234.688786561618,5.93893146514893
67924.4006203365,224168.793621196,241,P02,perimeter_tin,,60,234.688786561618,5.97432613372803
67924.1966142162,224168.649116861,242,P02,perimeter_tin,,60.25,234.688786561618,5.96651840209961
67923.9861062096,224168.516616843,243,P02,perimeter_tin,,60.5,248.428692808636,5.93715953826904
67923.7536160296,224168.424702121,244,P02,perimeter_tin,,60.75,248.428692808636,5.94216012954712
67923.5211258495,224168.332787398,245,P02,perimeter_tin,,61,248.428692808636,5.94696378707886
67923.2886356695,224168.240872676,246,P02,perimeter_tin,,61.25,248.428692808636,5.96583366394043
67923.0561454894,224168.148957954,247,P02,perimeter_tin,,61.5,248.428692808636,5.97656059265137
67922.8236553094,224168.057043231,248,P02,perimeter_tin,,61.75,248.428692808636,6.00551795959473
67922.5911651294,224167.965128509,249,P02,perimeter_tin,,62,248.428692808636,6.01739740371704
67922.3586749493,224167.873213787,250,P02,perimeter_tin,,62.25,248.428692808636,6.03426504135132
67922.1261847693,224167.781299064,251,P02,perimeter_tin,,62.5,248.428692808636,6.03364896774292
67921.8822336189,224167.763242344,252,P02,perimeter_tin,,62.75,273.930175545926,6.03812789916992
67921.6328215391,224167.780377525,253,P02,perimeter_tin,,63,273.930175545926,6.06659173965454
67921.3834094592,224167.797512706,254,P02,perimeter_tin,,63.25,273.930175545926,6.0892391204834
67921.1339973794,224167.814647887,255,P02,perimeter_tin,,63.5,273.930175545926,6.08984899520874
67920.8845852995,224167.831783068,256,P02,perimeter_tin,,63.75,273.930175545926,6.07985591888428
67920.6351732197,224167.848918249,257,P02,perimeter_tin,,64,273.930175545926,6.0795464515686
67920.3857611399,224167.86605343,258,P02,perimeter_tin,,64.25,273.930175545926,6.09166145324707
67920.13634906,224167.883188611,259,P02,perimeter_tin,,64.5,273.930175545926,6.1146125793457
67919.8869369802,224167.900323792,260,P02,perimeter_tin,,64.75,273.930175545926,6.19839239120483
67919.6375249003,224167.917458973,261,P02,perimeter_tin,,65,273.930175545926,6.32774114608765
67919.3881128205,224167.934594154,262,P02,perimeter_tin,,65.25,273.930175545926,6.3742299079895
67919.1387007406,224167.951729335,263,P02,perimeter_tin,,65.5,273.930175545926,6.30259656906128
67918.8892886608,224167.968864517,264,P02,perimeter_tin,,65.75,273.930175545926,6.17127895355225
67918.639876581,224167.985999698,265,P02,perimeter_tin,,66,273.930175545926,6.06374931335449
67918.3904645011,224168.003134879,266,P02,perimeter_tin,,66.25,273.930175545926,5.99857807159424
67918.1410524213,224168.02027006,267,P02,perimeter_tin,,66.5,273.930175545926,5.98512172698975
67917.8932792541,224168.050638875,268,P02,perimeter_tin,,66.75,280.189463869652,5.97318553924561
67917.6472222152,224168.094864813,269,P02,perimeter_tin,,67,280.189463869652,5.97077751159668
67917.4011651764,224168.139090752,270,P02,perimeter_tin,,67.25,280.189463869652,5.97061157226562
67917.1551081375,224168.18331669,271,P02,perimeter_tin,,67.5,280.189463869652,5.9759373664856
67916.9090510986,224168.227542628,272,P02,perimeter_tin,,67.75,280.189463869652,5.96913766860962
67916.6629940598,224168.271768567,273,P02,perimeter_tin,,68,280.189463869652,5.97510671615601
67916.4169370209,224168.315994505,274,P02,perimeter_tin,,68.25,280.189463869652,5.96944618225098
67916.170879982,224168.360220444,275,P02,perimeter_tin,,68.5,280.189463869652,5.96534299850464
67915.9248229432,224168.404446382,276,P02,perimeter_tin,,68.75,280.189463869652,5.96551084518433
67915.6787659043,224168.44867232,277,P02,perimeter_tin,,69,280.189463869652,5.9458475112915
67915.4327088654,224168.492898259,278,P02,perimeter_tin,,69.25,280.189463869652,5.93656921386719
67915.1866518266,224168.537124197,279,P02,perimeter_tin,,69.5,280.189463869652,5.92289686203003
67914.9405947877,224168.581350135,280,P02,perimeter_tin,,69.75,280.189463869652,5.92130422592163
67914.6945377488,224168.625576074,281,P02,perimeter_tin,,70,280.189463869652,5.90014410018921
67914.44848071,224168.669802012,282,P02,perimeter_tin,,70.25,280.189463869652,5.88462209701538
67914.2024236711,224168.71402795,283,P02,perimeter_tin,,70.5,280.189463869652,5.86742782592773
67913.9563666322,224168.758253889,284,P02,perimeter_tin,,70.75,280.189463869652,5.85145282745361
67913.7103095934,224168.802479827,285,P02,perimeter_tin,,71,280.189463869652,5.83855628967285
67913.4642525545,224168.846705765,286,P02,perimeter_tin,,71.25,280.189463869652,5.83786869049072
67913.2306427311,224168.921682263,287,P02,perimeter_tin,,71.5,303.884784803181,5.86015558242798
67913.0231026391,224169.061063432,288,P02,perimeter_tin,,71.75,303.884784803181,5.86143016815186
67912.8155625471,224169.200444601,289,P02,perimeter_tin,,72,303.884784803181,5.84386491775513
67912.6080224551,224169.339825769,290,P02,perimeter_tin,,72.25,303.884784803181,5.86588191986084
67912.4004823631,224169.479206938,291,P02,perimeter_tin,,72.5,303.884784803181,5.88846063613892
67912.1929422711,224169.618588107,292,P02,perimeter_tin,,72.75,303.884784803181,5.89442300796509
67911.9854021791,224169.757969276,293,P02,perimeter_tin,,73,303.884784803181,5.91895151138306
67911.7778620871,224169.897350444,294,P02,perimeter_tin,,73.25,303.884784803181,5.92360162734985
67911.5703219951,224170.036731613,295,P02,perimeter_tin,,73.5,303.884784803181,5.93060207366943
67911.3627819031,224170.176112782,296,P02,perimeter_tin,,73.75,303.884784803181,5.93378353118896
67911.1552418111,224170.315493951,297,P02,perimeter_tin,,74,303.884784803181,5.93683242797852
67910.9477017191,224170.45487512,298,P02,perimeter_tin,,74.25,303.884784803181,5.93648624420166
67910.7401616271,224170.594256288,299,P02,perimeter_tin,,74.5,303.884784803181,5.94536876678467
67910.5326215351,224170.733637457,300,P02,perimeter_tin,,74.75,303.884784803181,5.94319152832031
67910.3250814431,224170.873018626,301,P02,perimeter_tin,,75,303.884784803181,5.96238040924072
67910.1175413511,224171.012399795,302,P02,perimeter_tin,,75.25,303.884784803181,5.94452285766602
67909.9100012591,224171.151780964,303,P02,perimeter_tin,,75.5,303.884784803181,5.93905782699585
67909.7024611671,224171.291162132,304,P02,perimeter_tin,,75.75,303.884784803181,5.93546581268311
67909.4949210751,224171.430543301,305,P02,perimeter_tin,,76,303.884784803181,5.93987083435059
67909.2873809831,224171.56992447,306,P02,perimeter_tin,,76.25,303.884784803181,5.94120407104492
67909.0828514844,224171.713334546,307,P02,perimeter_tin,,76.5,309.652918400351,5.94244003295898
67908.8903704371,224171.872868387,308,P02,perimeter_tin,,76.75,309.652918400351,5.94954109191895
67908.6978893898,224172.032402228,309,P02,perimeter_tin,,77,309.652918400351,5.9599404335022
67908.5054083425,224172.191936069,310,P02,perimeter_tin,,77.25,309.652918400351,5.95959329605103
67908.3129272952,224172.35146991,311,P02,perimeter_tin,,77.5,309.652918400351,5.95682716369629
67908.1204462479,224172.511003752,312,P02,perimeter_tin,,77.75,309.652918400351,5.94186592102051
67907.9279652006,224172.670537593,313,P02,perimeter_tin,,78,309.652918400351,5.90241432189941
67907.7354841533,224172.830071434,314,P02,perimeter_tin,,78.25,309.652918400351,5.86575984954834
67907.543003106,224172.989605275,315,P02,perimeter_tin,,78.5,309.652918400351,5.8161997795105
67907.3468153528,224173.144293892,316,P02,perimeter_tin,,78.75,305.180699361213,5.76903867721558
67907.1424805956,224173.288333147,317,P02,perimeter_tin,,79,305.180699361213,5.74058771133423
67906.9381458384,224173.432372402,318,P02,perimeter_tin,,79.25,305.180699361213,5.73434448242188
67906.7338110813,224173.576411657,319,P02,perimeter_tin,,79.5,305.180699361213,5.75418901443481
67906.5294763241,224173.720450912,320,P02,perimeter_tin,,79.75,305.180699361213,5.80244588851929
67906.2953622924,224173.793022824,321,P02,perimeter_tin,,80,280.06068979636,5.82136535644531
67906.0492064759,224173.83669563,322,P02,perimeter_tin,,80.25,280.06068979636,5.83339071273804
67905.8030506594,224173.880368436,323,P02,perimeter_tin,,80.5,280.06068979636,5.84410095214844
67905.5568948429,224173.924041242,324,P02,perimeter_tin,,80.75,280.06068979636,5.84029197692871
67905.3228907856,224173.853114309,325,P02,perimeter_tin,,81,247.833654177981,5.81352996826172
67905.0913676957,224173.758790087,326,P02,perimeter_tin,,81.25,247.833654177981,5.79303121566772
67904.8598446057,224173.664465865,327,P02,perimeter_tin,,81.5,247.833654177981,5.77285194396973
67904.6308746556,224173.620119087,328,P02,perimeter_tin,,81.75,298.015267467389,5.75732803344727
67904.4101690399,224173.737545793,329,P02,perimeter_tin,,82,298.015267467389,5.7684178352356
67904.1894634243,224173.854972498,330,P02,perimeter_tin,,82.25,298.015267467389,5.75941753387451
67903.9687578086,224173.972399204,331,P02,perimeter_tin,,82.5,298.015267467389,5.75893402099609
67903.748052193,224174.08982591,332,P02,perimeter_tin,,82.75,298.015267467389,5.76776933670044
67903.5273465773,224174.207252616,333,P02,perimeter_tin,,83,298.015267467389,5.79287099838257
67903.3066409617,224174.324679321,334,P02,perimeter_tin,,83.25,298.015267467389,5.79376220703125
67903.0859353461,224174.442106027,335,P02,perimeter_tin,,83.5,298.015267467389,5.78000831604004
67902.8652297304,224174.559532733,336,P02,perimeter_tin,,83.75,298.015267467389,5.77750539779663
67902.6445241148,224174.676959439,337,P02,perimeter_tin,,84,298.015267467389,5.77238941192627
67902.4238184991,224174.794386144,338,P02,perimeter_tin,,84.25,298.015267467389,5.78664922714233
67902.1930602046,224174.87151663,339,P02,perimeter_tin,,84.5,270,5.78737688064575
67901.9430602046,224174.87151663,340,P02,perimeter_tin,,84.75,270,5.76755332946777
67901.6930602046,224174.87151663,341,P02,perimeter_tin,,85,270,5.78437328338623
67901.4430602046,224174.87151663,342,P02,perimeter_tin,,85.25,270,5.77710723876953
67901.1930602046,224174.87151663,343,P02,perimeter_tin,,85.5,270,5.77578544616699
67900.9430602046,224174.87151663,344,P02,perimeter_tin,,85.75,270,5.77375459671021
67900.6930602046,224174.87151663,345,P02,perimeter_tin,,86,270,5.77063369750977
67900.4430602046,224174.87151663,346,P02,perimeter_tin,,86.25,270,5.77493095397949
67900.2013286323,224174.910867247,347,P02,perimeter_tin,,86.5,293.732939804153,5.79241514205933
67899.9724707925,224175.01148578,348,P02,perimeter_tin,,86.75,293.732939804153,5.72773838043213
67899.7436129527,224175.112104313,349,P02,perimeter_tin,,87,293.732939804153,5.67085933685303
67899.514755113,224175.212722846,350,P02,perimeter_tin,,87.25,293.732939804153,5.64297533035278
67899.2858972732,224175.313341379,351,P02,perimeter_tin,,87.5,293.732939804153,5.66339302062988
67899.0570394335,224175.413959912,352,P02,perimeter_tin,,87.75,293.732939804153,5.66983318328857
67898.8281815937,224175.514578445,353,P02,perimeter_tin,,88,293.732939804153,5.68215322494507
67898.599323754,224175.615196978,354,P02,perimeter_tin,,88.25,293.732939804153,5.66998815536499
67898.3855988108,224175.74227314,355,P02,perimeter_tin,,88.5,305.803344107663,5.67744541168213
67898.1828413918,224175.888524393,356,P02,perimeter_tin,,88.75,305.803344107663,5.67553329467773
67897.9800839727,224176.034775646,357,P02,perimeter_tin,,89,305.803344107663,5.68137359619141
67897.7773265537,224176.181026899,358,P02,perimeter_tin,,89.25,305.803344107663,5.67560720443726
67897.5745691347,224176.327278152,359,P02,perimeter_tin,,89.5,305.803344107663,5.68444585800171
67897.4725405379,224176.553328427,360,P02,perimeter_tin,,89.75,337.422973010043,5.68829345703125
67897.3765592563,224176.784169484,361,P02,perimeter_tin,,90,337.422973010043,5.68290996551514
67897.2805779747,224177.015010541,362,P02,perimeter_tin,,90.25,337.422973010043,5.69652128219604
67897.1845966931,224177.245851598,363,P02,perimeter_tin,,90.5,337.422973010043,5.74354982376099
67897.0886154115,224177.476692655,364,P02,perimeter_tin,,90.75,337.422973010043,5.76915788650513
67896.9926341299,224177.707533712,365,P02,perimeter_tin,,91,337.422973010043,5.79464149475098
67896.8966528484,224177.938374769,366,P02,perimeter_tin,,91.25,337.422973010043,5.80730819702148
67896.8006715668,224178.169215826,367,P02,perimeter_tin,,91.5,337.422973010043,5.81687545776367
67896.7046902852,224178.400056883,368,P02,perimeter_tin,,91.75,337.422973010043,5.82185554504395
67896.6087090036,224178.63089794,369,P02,perimeter_tin,,92,337.422973010043,5.82247447967529
67896.512727722,224178.861738997,370,P02,perimeter_tin,,92.25,337.422973010043,5.82020235061646
67896.4167464404,224179.092580054,371,P02,perimeter_tin,,92.5,337.422973010043,5.8181209564209
67896.3322369155,224179.326983883,372,P02,perimeter_tin,,92.75,348.07067782282,5.81020164489746
67896.2805606834,224179.571584715,373,P02,perimeter_tin,,93,348.07067782282,5.80783987045288
67896.2288844513,224179.816185547,374,P02,perimeter_tin,,93.25,348.07067782282,5.80789947509766
67896.1772082192,224180.060786379,375,P02,perimeter_tin,,93.5,348.07067782282,5.80411005020142
67896.1255319871,224180.305387211,376,P02,perimeter_tin,,93.75,348.07067782282,5.81197309494019
67896.0738557549,224180.549988043,377,P02,perimeter_tin,,94,348.07067782282,5.80477237701416
67896.0221795228,224180.794588875,378,P02,perimeter_tin,,94.25,348.07067782282,5.81154870986938
67895.9705032907,224181.039189707,379,P02,perimeter_tin,,94.5,348.07067782282,5.81510162353516
67895.9188270586,224181.283790539,380,P02,perimeter_tin,,94.75,348.07067782282,5.81498575210571
67895.8671508264,224181.528391371,381,P02,perimeter_tin,,95,348.07067782282,5.81590890884399
67895.8154745943,224181.772992203,382,P02,perimeter_tin,,95.25,348.07067782282,5.79970264434814
67895.7637983622,224182.017593035,383,P02,perimeter_tin,,95.5,348.07067782282,5.79641914367676
67895.7121221301,224182.262193867,384,P02,perimeter_tin,,95.75,348.07067782282,5.78921699523926
67895.660445898,224182.506794699,385,P02,perimeter_tin,,96,348.07067782282,5.77741384506226
67895.7468641169,224182.733306872,386,P02,perimeter_tin,,96.25,26.8544213401943,5.78160667419434
67895.8597954028,224182.956346161,387,P02,perimeter_tin,,96.5,26.8544213401943,5.7926721572876
67895.9727266886,224183.179385451,388,P02,perimeter_tin,,96.75,26.8544213401943,5.80936002731323
67896.0856579745,224183.40242474,389,P02,perimeter_tin,,97,26.8544213401943,5.83573341369629
67896.1985892603,224183.62546403,390,P02,perimeter_tin,,97.25,26.8544213401943,5.86509275436401
67896.3463708604,224183.818337059,391,P02,perimeter_tin,,97.5,54.9041832131855,5.85864067077637
67896.5509187846,224183.962073438,392,P02,perimeter_tin,,97.75,54.9041832131855,5.8275785446167
67896.7554667088,224184.105809818,393,P02,perimeter_tin,,98,54.9041832131855,5.80988883972168
67896.960014633,224184.249546197,394,P02,perimeter_tin,,98.25,54.9041832131855,5.81677579879761
67897.1645625572,224184.393282576,395,P02,perimeter_tin,,98.5,54.9041832131855,5.82379674911499
67897.3691104814,224184.537018955,396,P02,perimeter_tin,,98.75,54.9041832131855,5.83181667327881
67897.5736584057,224184.680755334,397,P02,perimeter_tin,,99,54.9041832131855,5.83630037307739
67897.7782063299,224184.824491713,398,P02,perimeter_tin,,99.25,54.9041832131855,5.8468861579895
67897.9800540412,224184.969995669,399,P02,perimeter_tin,,99.5,11.5138311846473,5.85756731033325
67898.0299551617,224185.214964806,400,P02,perimeter_tin,,99.75,11.5138311846473,5.83980941772461
67898.0798562823,224185.459933943,401,P02,perimeter_tin,,100,11.5138311846473,5.84381437301636
67898.1297574028,224185.70490308,402,P02,perimeter_tin,,100.25,11.5138311846473,5.86781549453735
67898.1796585233,224185.949872217,403,P02,perimeter_tin,,100.5,11.5138311846473,5.87919807434082
67898.2295596439,224186.194841355,404,P02,perimeter_tin,,100.75,11.5138311846473,5.88057994842529
67898.2794607644,224186.439810492,405,P02,perimeter_tin,,101,11.5138311846473,5.85437917709351
67898.3669996397,224186.657203072,406,P02,perimeter_tin,,101.25,60.9453959022499,5.84152984619141
67898.5855389588,224186.778613805,407,P02,perimeter_tin,,101.5,60.9453959022499,5.82342147827148
67898.8040782778,224186.900024537,408,P02,perimeter_tin,,101.75,60.9453959022499,5.7831768989563
67899.0211620989,224187.007240472,409,P02,perimeter_tin,,102,130.763605200461,5.76564788818359
67899.2105145893,224186.844005567,410,P02,perimeter_tin,,102.25,130.763605200461,5.77203941345215
67899.3998670797,224186.680770661,411,P02,perimeter_tin,,102.5,130.763605200461,5.7748818397522
67899.6300960308,224186.648154032,412,P02,perimeter_tin,,102.75,83.990994043543,5.78568458557129
67899.878722394,224186.674325228,413,P02,perimeter_tin,,103,83.990994043543,5.79306316375732
67900.0816215599,224186.766480791,414,P02,perimeter_tin,,103.25,26.565051177078,5.81066513061523
67900.1934249588,224186.990087589,415,P02,perimeter_tin,,103.5,26.565051177078,5.81098651885986
67900.3052283576,224187.213694386,416,P02,perimeter_tin,,103.75,26.565051177078,5.81578254699707
67900.4170317565,224187.437301184,417,P02,perimeter_tin,,104,26.565051177078,5.80309247970581
67900.6462942137,224187.510469191,418,P02,perimeter_tin,,104.25,77.4711922870295,5.76814365386963
67900.8656587423,224187.423414635,419,P02,perimeter_tin,,104.5,122.347443499228,5.74167919158936
67901.0768635112,224187.289651615,420,P02,perimeter_tin,,104.75,122.347443499228,5.73066759109497
67901.252424048,224187.11772738,421,P02,perimeter_tin,,105,143.746162263024,5.7436375617981
67901.4387512942,224187.028533051,422,P02,perimeter_tin,,105.25,74.0546040993834,5.76653337478638
67901.6791322811,224187.097213333,423,P02,perimeter_tin,,105.5,74.0546040993834,5.78023433685303
67901.919513268,224187.165893614,424,P02,perimeter_tin,,105.75,74.0546040993834,5.81651878356934
67902.159894255,224187.234573896,425,P02,perimeter_tin,,106,74.0546040993834,5.83460569381714
67902.4002752419,224187.303254178,426,P02,perimeter_tin,,106.25,74.0546040993834,5.81968641281128
67902.6406562288,224187.37193446,427,P02,perimeter_tin,,106.5,74.0546040993834,5.80598258972168
67902.8810372157,224187.440614742,428,P02,perimeter_tin,,106.75,74.0546040993834,5.79042291641235
67903.1214182026,224187.509295024,429,P02,perimeter_tin,,107,74.0546040993834,5.79579401016235
67903.3617991895,224187.577975306,430,P02,perimeter_tin,,107.25,74.0546040993834,5.79623603820801
67903.5465582065,224187.714376046,431,P02,perimeter_tin,,107.5,27.1496816971354,5.78663110733032
67903.6606373684,224187.936830412,432,P02,perimeter_tin,,107.75,27.1496816971354,5.76014852523804
67903.7747165303,224188.159284778,433,P02,perimeter_tin,,108,27.1496816971354,5.76441717147827
67903.8319292674,224188.400041003,434,P02,perimeter_tin,,108.25,8.5307656095072,5.74662971496582
67903.8690143806,224188.647275091,435,P02,perimeter_tin,,108.5,8.5307656095072,5.76960802078247
67903.9060994938,224188.894509179,436,P02,perimeter_tin,,108.75,8.5307656095072,5.75437068939209
67903.9431846071,224189.141743267,437,P02,perimeter_tin,,109,8.5307656095072,5.71403121948242
67904.0962671923,224189.339335892,438,P02,perimeter_tin,,109.25,37.806529944845,5.68146419525146
67904.2495164681,224189.53685718,439,P02,perimeter_tin,,109.5,37.806529944845,5.66400289535522
67904.4027657438,224189.734378469,440,P02,perimeter_tin,,109.75,37.806529944845,5.66978740692139
67904.5560150195,224189.931899758,441,P02,perimeter_tin,,110,37.806529944845,5.73669481277466
67904.7110417639,224190.128014497,442,P02,perimeter_tin,,110.25,38.9041384549,5.74976062774658
67904.8680465809,224190.322563944,443,P02,perimeter_tin,,110.5,38.9041384549,5.70866727828979
67905.025051398,224190.517113391,444,P02,perimeter_tin,,110.75,38.9041384549,5.67775821685791
67905.1820562151,224190.711662839,445,P02,perimeter_tin,,111,38.9041384549,5.66038179397583
67905.3390610321,224190.906212286,446,P02,perimeter_tin,,111.25,38.9041384549,5.69617319107056
67905.3850163431,224191.150630298,447,P02,perimeter_tin,,111.5,9.46232220766006,5.72682619094849
67905.4261160899,224191.397228779,448,P02,perimeter_tin,,111.75,9.46232220766006,5.70397186279297
67905.4672158367,224191.64382726,449,P02,perimeter_tin,,112,9.46232220766006,5.64323043823242
67905.6644852715,224191.792519591,450,P02,perimeter_tin,,112.25,54.706652409185,5.64820957183838
67905.8685364409,224191.936960306,451,P02,perimeter_tin,,112.5,54.706652409185,5.65892124176025
67906.0725876103,224192.081401022,452,P02,perimeter_tin,,112.75,54.706652409185,5.6535472869873
67906.2766387797,224192.225841737,453,P02,perimeter_tin,,113,54.706652409185,5.65793132781982
67906.4806899491,224192.370282453,454,P02,perimeter_tin,,113.25,54.706652409185,5.66595649719238
67906.6847411185,224192.514723168,455,P02,perimeter_tin,,113.5,54.706652409185,5.70385074615479
67906.8993039396,224192.618449689,456,P02,perimeter_tin,,113.75,96.3401917467896,5.74251651763916
67907.1477748733,224192.590841807,457,P02,perimeter_tin,,114,96.3401917467896,5.71133899688721
67907.3087834116,224192.70920407,458,P02,perimeter_tin,,114.25,21.8014094844862,5.60237455368042
67907.4016310807,224192.941323242,459,P02,perimeter_tin,,114.5,21.8014094844862,5.49285840988159
67907.5551050843,224193.13729686,460,P02,perimeter_tin,,114.75,39.8055710922652,5.47676658630371
67907.7151511842,224193.32935218,461,P02,perimeter_tin,,115,39.8055710922652,5.46054983139038
67907.8761773801,224193.52004769,462,P02,perimeter_tin,,115.25,68.6293777297699,5.43968534469604
67908.108988075,224193.611147527,463,P02,perimeter_tin,,115.5,68.6293777297699,5.46641302108765
67908.34179877,224193.702247364,464,P02,perimeter_tin,,115.75,68.6293777297699,5.479651927948
67908.5746094649,224193.793347201,465,P02,perimeter_tin,,116,68.6293777297699,5.49783515930176
67908.7348882074,224193.983918707,466,P02,perimeter_tin,,116.25,39.1736579713363,5.47532272338867
67908.8928064451,224194.177727454,467,P02,perimeter_tin,,116.5,39.1736579713363,5.46232080459595
67909.0507246829,224194.3715362,468,P02,perimeter_tin,,116.75,39.1736579713363,5.44499588012695
67909.2086429207,224194.565344947,469,P02,perimeter_tin,,117,39.1736579713363,5.41961050033569
67909.4267754828,224194.65367657,470,P02,perimeter_tin,,117.25,81.3843518155283,5.46747303009033
67909.6739543589,224194.691127915,471,P02,perimeter_tin,,117.5,81.3843518155283,5.55455684661865
67909.9211332349,224194.72857926,472,P02,perimeter_tin,,117.75,81.3843518155283,5.62682151794434
67910.168312111,224194.766030605,473,P02,perimeter_tin,,118,81.3843518155283,5.67671346664429
67910.415490987,224194.80348195,474,P02,perimeter_tin,,118.25,81.3843518155283,5.72096586227417
67910.6626698631,224194.840933295,475,P02,perimeter_tin,,118.5,81.3843518155283,5.77290678024292
67910.8646047306,224194.957244476,476,P02,perimeter_tin,,118.75,38.9275435933412,5.79232120513916
67911.0216890073,224195.151729771,477,P02,perimeter_tin,,119,38.9275435933412,5.71732616424561
67911.1787732841,224195.346215067,478,P02,perimeter_tin,,119.25,38.9275435933412,5.57038402557373
67911.3358575609,224195.540700362,479,P02,perimeter_tin,,119.5,38.9275435933412,5.5610990524292
67911.4929418376,224195.735185657,480,P02,perimeter_tin,,119.75,38.9275435933412,5.57302713394165
67911.6500261144,224195.929670952,481,P02,perimeter_tin,,120,38.9275435933412,5.58771896362305
67911.783908793,224196.137225076,482,P02,perimeter_tin,,120.25,19.8552143697642,5.59171867370605
67911.868819909,224196.372363551,483,P02,perimeter_tin,,120.5,19.8552143697642,5.57916688919067
67911.9537310249,224196.607502026,484,P02,perimeter_tin,,120.75,19.8552143697642,5.54917907714844
67912.0386421409,224196.842640501,485,P02,perimeter_tin,,121,19.8552143697642,5.5301456451416
67912.1235532568,224197.077778976,486,P02,perimeter_tin,,121.25,19.8552143697642,5.51494312286377
67912.2681634887,224197.273222538,487,P02,perimeter_tin,,121.5,47.3859440311858,5.50850772857666
67912.4521462416,224197.442486671,488,P02,perimeter_tin,,121.75,47.3859440311858,5.48659038543701
67912.667648466,224197.548420323,489,P02,perimeter_tin,,122,79.6951535303683,5.48708820343018
67912.9136159435,224197.593141683,490,P02,perimeter_tin,,122.25,79.6951535303683,5.4948673248291
67913.159583421,224197.637863042,491,P02,perimeter_tin,,122.5,79.6951535303683,5.50518178939819
67913.3341369825,224197.798761092,492,P02,perimeter_tin,,122.75,37.1466866992844,5.51291704177856
67913.4851014045,224197.998034129,493,P02,perimeter_tin,,123,37.1466866992844,5.49653100967407
67913.6531083529,224198.173797943,494,P02,perimeter_tin,,123.25,70.9743939616839,5.45680141448975
67913.8894515984,224198.255295614,495,P02,perimeter_tin,,123.5,70.9743939616839,5.43135929107666
67914.1257948438,224198.336793285,496,P02,perimeter_tin,,123.75,70.9743939616839,5.43996572494507
67914.3621380892,224198.418290955,497,P02,perimeter_tin,,124,70.9743939616839,5.46597194671631
67914.4246956538,224198.538321349,498,P02,perimeter_tin,,124.25,314.028978069076,5.47420358657837
67914.2449485598,224198.712076874,499,P02,perimeter_tin,,124.5,314.028978069076,5.43101024627686
67914.0652014658,224198.885832398,500,P02,perimeter_tin,,124.75,314.028978069076,5.40798568725586
67914.1461975793,224199.093932235,501,P02,perimeter_tin,,125,30.9637565320735,5.41680765151978
67914.2748215182,224199.308305466,502,P02,perimeter_tin,,125.25,30.9637565320735,5.36378812789917
67914.4034454571,224199.522678698,503,P02,perimeter_tin,,125.5,30.9637565320735,5.32931518554688
67914.5320693959,224199.737051929,504,P02,perimeter_tin,,125.75,30.9637565320735,5.31322336196899
67914.7090467028,224199.901043854,505,P02,perimeter_tin,,126,61.3895403343794,5.31033706665039
67914.928520596,224200.020756887,506,P02,perimeter_tin,,126.25,61.3895403343794,5.33939933776855
67915.1479944892,224200.140469919,507,P02,perimeter_tin,,126.5,61.3895403343794,5.33651494979858
67915.3206824313,224200.305729278,508,P02,perimeter_tin,,126.75,27.0720802383952,5.31557083129883
67915.4344601963,224200.528337948,509,P02,perimeter_tin,,127,27.0720802383952,5.27338409423828
67915.5482379612,224200.750946619,510,P02,perimeter_tin,,127.25,27.0720802383952,5.25030422210693
67915.6687068555,224200.969727641,511,P02,perimeter_tin,,127.5,32.4711922898938,5.2607593536377
67915.8029257286,224201.180643013,512,P02,perimeter_tin,,127.75,32.4711922898938,5.33413600921631
67915.9371446016,224201.391558385,513,P02,perimeter_tin,,128,32.4711922898938,5.58410263061523
67916.0773588419,224201.597345527,514,P02,perimeter_tin,,128.25,48.6138807519977,5.71726179122925
67916.264926657,224201.762628057,515,P02,perimeter_tin,,128.5,48.6138807519977,5.68254327774048
67916.452494472,224201.927910587,516,P02,perimeter_tin,,128.75,48.6138807519977,5.67218828201294
67916.6400622871,224202.093193117,517,P02,perimeter_tin,,129,48.6138807519977,5.62163877487183
67916.8276301022,224202.258475647,518,P02,perimeter_tin,,129.25,48.6138807519977,5.59671783447266
67917.0151979172,224202.423758177,519,P02,perimeter_tin,,129.5,48.6138807519977,5.55847311019897
67917.2027657323,224202.589040707,520,P02,perimeter_tin,,129.75,48.6138807519977,5.5425066947937
67917.3903335473,224202.754323237,521,P02,perimeter_tin,,130,48.6138807519977,5.52905464172363
67917.5779013624,224202.919605767,522,P02,perimeter_tin,,130.25,48.6138807519977,5.51691055297852
67917.7889464481,224203.052234429,523,P02,perimeter_tin,,130.5,59.9558399298395,5.52957344055176
67918.0053563924,224203.177401262,524,P02,perimeter_tin,,130.75,59.9558399298395,5.53533315658569
67918.2217663367,224203.302568095,525,P02,perimeter_tin,,131,59.9558399298395,5.53636312484741
67918.438176281,224203.427734927,526,P02,perimeter_tin,,131.25,59.9558399298395,5.53821086883545
67918.6545862253,224203.55290176,527,P02,perimeter_tin,,131.5,59.9558399298395,5.54447078704834
67918.8709961697,224203.678068593,528,P02,perimeter_tin,,131.75,59.9558399298395,5.54847145080566
67919.087406114,224203.803235425,529,P02,perimeter_tin,,132,59.9558399298395,5.56394481658936
67919.3038160583,224203.928402258,530,P02,perimeter_tin,,132.25,59.9558399298395,5.57105731964111
67919.5202260026,224204.053569091,531,P02,perimeter_tin,,132.5,59.9558399298395,5.578857421875
67919.7366359469,224204.178735923,532,P02,perimeter_tin,,132.75,59.9558399298395,5.56844663619995
67919.9530458913,224204.303902756,533,P02,perimeter_tin,,133,59.9558399298395,5.56636476516724
67920.1694558356,224204.429069589,534,P02,perimeter_tin,,133.25,59.9558399298395,5.57785320281982
67920.3858657799,224204.554236421,535,P02,perimeter_tin,,133.5,59.9558399298395,5.59594917297363
67920.6082131404,224204.668123001,536,P02,perimeter_tin,,133.75,64.5235737102448,5.59537696838379
67920.8339037246,224204.775657926,537,P02,perimeter_tin,,134,64.5235737102448,5.61456489562988
67921.0595943089,224204.883192851,538,P02,perimeter_tin,,134.25,64.5235737102448,5.62197637557983
67921.2852848931,224204.990727777,539,P02,perimeter_tin,,134.5,64.5235737102448,5.62708234786987
67921.5109754773,224205.098262702,540,P02,perimeter_tin,,134.75,64.5235737102448,5.62830114364624
67921.7366660616,224205.205797628,541,P02,perimeter_tin,,135,64.5235737102448,5.6208348274231
67921.9623566458,224205.313332553,542,P02,perimeter_tin,,135.25,64.5235737102448,5.6248836517334
67922.1880472301,224205.420867479,543,P02,perimeter_tin,,135.5,64.5235737102448,5.60293436050415
67922.4137378143,224205.528402404,544,P02,perimeter_tin,,135.75,64.5235737102448,5.59100961685181
67922.6394283985,224205.635937329,545,P02,perimeter_tin,,136,64.5235737102448,5.58658981323242
67922.8651189828,224205.743472255,546,P02,perimeter_tin,,136.25,64.5235737102448,5.56974601745605
