X,Y,fid,pile_id,base_mode,notes,distance,angle,dsm_1,plane_predicted_m,plane_residual_m
67923.083693663,224205.847616661,1,P02,perimeter_tin,,0.0,76.2390826108511,5.5661768913269,5.537430580668797,0.028746310658102736
67923.3335343766,224205.856539544,2,P02,perimeter_tin,,0.25,87.9545915114574,5.57330417633057,5.535924022843119,0.03738015348745094
67923.5833750901,224205.865462427,3,P02,perimeter_tin,,0.5,87.9545915114574,5.56435632705688,5.534417465017668,0.029938862039212033
67923.8332158037,224205.874385309,4,P02,perimeter_tin,,0.75,87.9545915114574,5.56618738174438,5.532910907196765,0.03327647454761529
67924.079516642,224205.847189885,5,P02,perimeter_tin,,1.0,103.240519915613,5.56306266784668,5.5315958411033535,0.03146682674332624
67924.3228709341,224205.789930052,6,P02,perimeter_tin,,1.25,103.240519915613,5.57158136367798,5.53044017023808,0.04114119343990019
67924.5662252262,224205.732670218,7,P02,perimeter_tin,,1.5,103.240519915613,5.58217573165894,5.529284499377354,0.052891232281585765
67924.8095795183,224205.675410385,8,P02,perimeter_tin,,1.75,103.240519915613,5.58350086212158,5.5281288285118535,0.055372033609726756
67925.0529338104,224205.618150551,9,P02,perimeter_tin,,2.0,103.240519915613,5.58501291275024,5.526973157651582,0.05803975509865733
67925.2945119853,224205.555229325,10,P02,perimeter_tin,,2.25,111.595310448805,5.58787631988525,5.525854660388859,0.06202165949639138
67925.5269636386,224205.463217213,11,P02,perimeter_tin,,2.5,111.595310448805,5.58797407150269,5.524927178492362,0.06304689301032784
67925.7594152918,224205.3712051,12,P02,perimeter_tin,,2.75,111.595310448805,5.60161304473877,5.5239996966008675,0.07761334813790288
67925.9918669451,224205.279192987,13,P02,perimeter_tin,,3.0,111.595310448805,5.60320138931274,5.523072214708918,0.08012917460382152
67926.2243185984,224205.187180874,14,P02,perimeter_tin,,3.25,111.595310448805,5.59880638122559,5.522144732817196,0.07666164840839418
67926.4567702517,224205.095168762,15,P02,perimeter_tin,,3.5,111.595310448805,5.5907998085022,5.521217250920927,0.06958255758127319
67926.6892219049,224205.003156649,16,P02,perimeter_tin,,3.75,111.595310448805,5.58770275115967,5.520289769029432,0.06741298213023761
67926.9216735582,224204.911144536,17,P02,perimeter_tin,,4.0,111.595310448805,5.58866834640503,5.51936228713771,0.06930605926732003
67927.1541252115,224204.819132423,18,P02,perimeter_tin,,4.25,111.595310448805,5.59040403366089,5.518434805245761,0.07196922841512876
67927.3865768647,224204.727120311,19,P02,perimeter_tin,,4.5,111.595310448805,5.58532428741455,5.517507323349946,0.0678169640646038
67927.6115563865,224204.619009742,20,P02,perimeter_tin,,4.75,118.20162821843,5.59083127975464,5.516699740356671,0.07413153939796846
67927.8318788922,224204.50086579,21,P02,perimeter_tin,,5.0,118.20162821843,5.58961534500122,5.5159668845067245,0.07364846049449536
67928.0522013979,224204.382721838,22,P02,perimeter_tin,,5.25,118.20162821843,5.59127759933472,5.515234028657233,0.07604357067748779
67928.2725239037,224204.264577885,23,P02,perimeter_tin,,5.5,118.20162821843,5.5841851234436,5.514501172811833,0.06968395063176658
67928.4928464094,224204.146433933,24,P02,perimeter_tin,,5.75,118.20162821843,5.58412551879883,5.5137683169623415,0.07035720183648841
67928.7131689151,224204.028289981,25,P02,perimeter_tin,,6.0,118.20162821843,5.58569431304932,5.51303546111285,0.07265885193647037
67928.9334914208,224203.910146028,26,P02,perimeter_tin,,6.25,118.20162821843,5.58434915542603,5.512302605267905,0.07204655015812467
67929.1538139265,224203.792002076,27,P02,perimeter_tin,,6.5,118.20162821843,5.57421016693115,5.511569749418413,0.06264041751273641
67929.3741364322,224203.673858124,28,P02,perimeter_tin,,6.75,118.20162821843,5.56303644180298,5.510836893568467,0.05219954823451367
67929.594458938,224203.555714171,29,P02,perimeter_tin,,7.0,118.20162821843,5.56160020828247,5.5101040377230674,0.051496170559402366
67929.8032946009,224203.418351268,30,P02,perimeter_tin,,7.25,123.530469667308,5.55111265182495,5.509529363611364,0.04158328821358648
67930.0116926475,224203.280256177,31,P02,perimeter_tin,,7.5,123.530469667308,5.5561990737915,5.5089607157783576,0.0472383580131428
67930.220090694,224203.142161086,32,P02,perimeter_tin,,7.75,123.530469667308,5.55806636810303,5.508392067945806,0.04967430015722396
67930.4284887406,224203.004065995,33,P02,perimeter_tin,,8.0,123.530469667308,5.5468544960022,5.5078234201128,0.039031075889400135
67930.6368867872,224202.865970904,34,P02,perimeter_tin,,8.25,123.530469667308,5.54921388626099,5.507254772280021,0.041959113980968965
67930.8452848337,224202.727875813,35,P02,perimeter_tin,,8.5,123.530469667308,5.53664970397949,5.506686124447469,0.029963579532021
67931.0546840543,224202.591306188,36,P02,perimeter_tin,,8.75,123.023867555904,5.52907705307007,5.506104397090667,0.022972655979403456
67931.2642949583,224202.4550591,37,P02,perimeter_tin,,9.0,123.023867555904,5.5259428024292,5.50551990426311,0.020422898166089887
67931.4739058624,224202.318812012,38,P02,perimeter_tin,,9.25,123.023867555904,5.52518224716187,5.504935411435326,0.02024683572654329
67931.6835167665,224202.182564925,39,P02,perimeter_tin,,9.5,123.023867555904,5.51616525650024,5.50435091860254,0.011814337897699367
67931.8931276705,224202.046317837,40,P02,perimeter_tin,,9.75,123.023867555904,5.50055027008057,5.503766425775211,-0.0032161556946412873
67932.1027385746,224201.910070749,41,P02,perimeter_tin,,10.0,123.023867555904,5.49294233322144,5.503181932946973,-0.010239599725532678
67932.3123494787,224201.773823662,42,P02,perimeter_tin,,10.25,123.023867555904,5.49619626998901,5.502597440114414,-0.0064011701254038655
67932.5219603828,224201.637576574,43,P02,perimeter_tin,,10.5,123.023867555904,5.49468898773193,5.502012947286175,-0.007323959554245363
67932.7315712868,224201.501329486,44,P02,perimeter_tin,,10.75,123.023867555904,5.50685501098633,5.501428454458619,0.005426556527710957
67932.9411821909,224201.365082399,45,P02,perimeter_tin,,11.0,123.023867555904,5.50724267959595,5.50084396162606,0.006398717969889667
67933.150793095,224201.228835311,46,P02,perimeter_tin,,11.25,123.023867555904,5.51085329055786,5.500259468798049,0.010593821759811384
67933.3578834533,224201.089611542,47,P02,perimeter_tin,,11.5,137.489552921879,5.50890970230103,5.499703821289131,0.009205881011898676
67933.5268146104,224200.905323006,48,P02,perimeter_tin,,11.75,137.489552921879,5.50887393951416,5.499584870673971,0.00928906884018943
67933.6957457676,224200.721034471,49,P02,perimeter_tin,,12.0,137.489552921879,5.52629852294922,5.499465920053581,0.026832602895638935
67933.8646769247,224200.536745936,50,P02,perimeter_tin,,12.25,137.489552921879,5.53768253326416,5.499346969433873,0.038335563830287356
67934.0336080819,224200.352457401,51,P02,perimeter_tin,,12.5,137.489552921879,5.55258369445801,5.499228018813255,0.053355675644754186
67934.202539239,224200.168168866,52,P02,perimeter_tin,,12.75,137.489552921879,5.57247829437256,5.4991090681935475,0.07336922617901287
67934.3714703961,224199.983880331,53,P02,perimeter_tin,,13.0,137.489552921879,5.57983160018921,5.498990117573612,0.08084148261559765
67934.5404015532,224199.799591796,54,P02,perimeter_tin,,13.25,137.489552921879,5.5846586227417,5.498871166953904,0.08578745578779579
67934.7093327104,224199.615303261,55,P02,perimeter_tin,,13.5,137.489552921879,5.58519744873047,5.498752216333514,0.08644523239695534
67934.8782638675,224199.431014726,56,P02,perimeter_tin,,13.75,137.489552921879,5.59499979019165,5.498633265713579,0.09636652447807137
67935.0471950246,224199.246726191,57,P02,perimeter_tin,,14.0,137.489552921879,5.57381010055542,5.498514315093871,0.0752957854615488
67935.2161261818,224199.062437656,58,P02,perimeter_tin,,14.25,137.489552921879,5.57797765731812,5.498395364473481,0.07958229284463858
67935.3850573389,224198.878149121,59,P02,perimeter_tin,,14.5,137.489552921879,5.58817529678345,5.498276413853546,0.08989888292990411
67935.553988496,224198.693860586,60,P02,perimeter_tin,,14.75,137.489552921879,5.60620069503784,5.498157463233838,0.1080432318040021
67935.7229196531,224198.509572051,61,P02,perimeter_tin,,15.0,137.489552921879,5.6176381111145,5.498038512613903,0.11959959850059754
67935.8918508103,224198.325283516,62,P02,perimeter_tin,,15.25,137.489552921879,5.62860012054443,5.497919561993513,0.13068055855091743
67936.0607819674,224198.140994981,63,P02,perimeter_tin,,15.5,137.489552921879,5.6312427520752,5.497800611373805,0.13344214070139504
67936.2297131245,224197.956706446,64,P02,perimeter_tin,,15.75,137.489552921879,5.62494802474976,5.497681660753642,0.12726636399611824
67936.3986442817,224197.772417911,65,P02,perimeter_tin,,16.0,137.489552921879,5.64286851882935,5.497562710133479,0.14530580869587073
67936.5675754388,224197.588129376,66,P02,perimeter_tin,,16.25,137.489552921879,5.63162517547607,5.497443759513317,0.13418141596275301
67936.7365065959,224197.403840841,67,P02,perimeter_tin,,16.5,137.489552921879,5.64763736724854,5.497324808893609,0.15031255835493074
67936.9054377531,224197.219552305,68,P02,perimeter_tin,,16.75,137.489552921879,5.64623260498047,5.497205858277994,0.14902674670247595
67937.0743689102,224197.03526377,69,P02,perimeter_tin,,17.0,137.489552921879,5.65335130691528,5.497086907658286,0.15626439925699387
67937.2433000673,224196.850975235,70,P02,perimeter_tin,,17.25,137.489552921879,5.64807367324829,5.496967957038578,0.15110571620971225
67937.4122312244,224196.6666867,71,P02,perimeter_tin,,17.5,137.489552921879,5.66100406646729,5.496849006418415,0.16415506004887437
67937.5811623816,224196.482398165,72,P02,perimeter_tin,,17.75,137.489552921879,5.65315437316895,5.496730055798253,0.15642431737069717
67937.7500935387,224196.29810963,73,P02,perimeter_tin,,18.0,137.489552921879,5.64771842956543,5.49661110517809,0.15110732438733976
67937.9190246958,224196.113821095,74,P02,perimeter_tin,,18.25,137.489552921879,5.64316558837891,5.496492154558382,0.14667343382052778
67938.087955853,224195.92953256,75,P02,perimeter_tin,,18.5,137.489552921879,5.63958311080933,5.496373203938219,0.14320990687111035
67938.2568870101,224195.745244025,76,P02,perimeter_tin,,18.75,137.489552921879,5.6392297744751,5.496254253318284,0.14297552115681622
67938.4258181672,224195.56095549,77,P02,perimeter_tin,,19.0,137.489552921879,5.65126991271973,5.496135302698349,0.1551346100213813
67938.5947493243,224195.376666955,78,P02,perimeter_tin,,19.25,137.489552921879,5.65488958358765,5.4960163520784135,0.1588732315092365
67938.7636804815,224195.19237842,79,P02,perimeter_tin,,19.5,137.489552921879,5.65202808380127,5.495897401458251,0.15613068234301952
67938.9326116386,224195.008089885,80,P02,perimeter_tin,,19.75,137.489552921879,5.64616870880127,5.495778450838543,0.15039025796272742
67939.1015427957,224194.82380135,81,P02,perimeter_tin,,20.0,137.489552921879,5.64820957183838,5.495659500218608,0.15255007161977208
67939.2508436561,224194.623375786,82,P02,perimeter_tin,,20.25,143.666815268825,5.65281677246094,5.495731892764525,0.1570848796964155
67939.3989636209,224194.42197947,83,P02,perimeter_tin,,20.5,143.666815268825,5.64922714233398,5.495815795901308,0.15341134643267207
67939.5470835857,224194.220583154,84,P02,perimeter_tin,,20.75,143.666815268825,5.63667869567871,5.495899699038091,0.140778996640619
67939.6952035505,224194.019186838,85,P02,perimeter_tin,,21.0,143.666815268825,5.62865781784058,5.495983602175102,0.1326742156654781
67939.8433235153,224193.817790523,86,P02,perimeter_tin,,21.25,143.666815268825,5.61165475845337,5.49606750530711,0.11558725314626006
67939.9914434802,224193.616394207,87,P02,perimeter_tin,,21.5,143.666815268825,5.60716104507446,5.496151408443438,0.11100963663102181
67940.139563445,224193.414997891,88,P02,perimeter_tin,,21.75,143.666815268825,5.59899854660034,5.496235311580222,0.10276323502011842
67940.2876834098,224193.213601575,89,P02,perimeter_tin,,22.0,143.666815268825,5.60770606994629,5.496319214717005,0.11138685522928515
67940.4358033746,224193.012205259,90,P02,perimeter_tin,,22.25,143.666815268825,5.62600708007812,5.496403117854243,0.12960396222387693
67940.5839233395,224192.810808943,91,P02,perimeter_tin,,22.5,143.666815268825,5.63207769393921,5.496487020990571,0.1355906729486387
67940.7320433043,224192.609412628,92,P02,perimeter_tin,,22.75,143.666815268825,5.63873100280762,5.496570924122352,0.1421600786852677
67940.8801632691,224192.408016312,93,P02,perimeter_tin,,23.0,143.666815268825,5.63734006881714,5.496654827259363,0.14068524155777684
67941.0282832339,224192.206619996,94,P02,perimeter_tin,,23.25,143.666815268825,5.63650560379028,5.496738730396146,0.13976687339413374
67941.1764031988,224192.00522368,95,P02,perimeter_tin,,23.5,143.666815268825,5.63746309280396,5.496822633532474,0.14064045927148605
67941.3245231636,224191.803827364,96,P02,perimeter_tin,,23.75,143.666815268825,5.63469314575195,5.496906536669485,0.13778660908246465
67941.4726431284,224191.602431049,97,P02,perimeter_tin,,24.0,143.666815268825,5.63361978530884,5.496990439801721,0.13662934550711903
67941.6207630932,224191.401034733,98,P02,perimeter_tin,,24.25,143.666815268825,5.63204526901245,5.497074342938504,0.13497092607394645
67941.768883058,224191.199638417,99,P02,perimeter_tin,,24.5,143.666815268825,5.61135816574097,5.497158246075287,0.11419991966568332
67941.9170030229,224190.998242101,100,P02,perimeter_tin,,24.75,143.666815268825,5.58271741867065,5.4972421492116155,0.08547526945903439
67942.0651229877,224190.796845785,101,P02,perimeter_tin,,25.0,143.666815268825,5.58047533035278,5.497326052348399,0.08314927800438099
67942.2132429525,224190.59544947,102,P02,perimeter_tin,,25.25,143.666815268825,5.59489059448242,5.497409955480634,0.09748063900178572
67942.3613629173,224190.394053154,103,P02,perimeter_tin,,25.5,143.666815268825,5.5978946685791,5.497493858617418,0.10040080996168221
67942.5094828822,224190.192656838,104,P02,perimeter_tin,,25.75,143.666815268825,5.59430503845215,5.497577761753746,0.0967272766984042
67942.657602847,224189.991260522,105,P02,perimeter_tin,,26.0,143.666815268825,5.59792804718018,5.497661664890757,0.10026638228942364
67942.8057228118,224189.789864206,106,P02,perimeter_tin,,26.25,143.666815268825,5.6003246307373,5.49774556802754,0.10257906270976047
67942.9538427766,224189.588467891,107,P02,perimeter_tin,,26.5,143.666815268825,5.60912418365479,5.4978294711597755,0.1112947124950141
67943.0325901256,224189.358569828,108,P02,perimeter_tin,,26.75,171.662555561122,5.60349178314209,5.4984547213930455,0.10503706174904437
67943.0688408391,224189.111212019,109,P02,perimeter_tin,,27.0,171.662555561122,5.59240007400513,5.499411592821161,0.0929884811839683
67943.1050915525,224188.86385421,110,P02,perimeter_tin,,27.25,171.662555561122,5.55302381515503,5.500368464249959,0.0526553509050709
67943.1413422659,224188.616496401,111,P02,perimeter_tin,,27.5,171.662555561122,5.53937911987305,5.501325335678757,0.03805378419429317
67943.1775929793,224188.369138592,112,P02,perimeter_tin,,27.75,171.662555561122,5.54037570953369,5.502282207107328,0.03809350242636178
67943.2138436927,224188.121780782,113,P02,perimeter_tin,,28.0,171.662555561122,5.55921745300293,5.503239078540901,0.055978374462029024
67943.2500944062,224187.874422973,114,P02,perimeter_tin,,28.25,171.662555561122,5.58243179321289,5.5041959499690165,0.07823584324387323
67943.2863451196,224187.627065164,115,P02,perimeter_tin,,28.5,171.662555561122,5.57440710067749,5.505152821398042,0.06925427927944838
67943.322595833,224187.379707355,116,P02,perimeter_tin,,28.75,171.662555561122,5.56352853775024,5.5061096928266124,0.057418844923627255
67943.3588465464,224187.132349546,117,P02,perimeter_tin,,29.0,171.662555561122,5.56015682220459,5.50706656425541,0.05309025794917943
67943.3950972598,224186.884991736,118,P02,perimeter_tin,,29.25,171.662555561122,5.58259963989258,5.508023435688983,0.07457620420359667
67943.4313479733,224186.637633927,119,P02,perimeter_tin,,29.5,171.662555561122,5.60490465164185,5.5089803071173264,0.0959243445245237
67943.4675986867,224186.390276118,120,P02,perimeter_tin,,29.75,171.662555561122,5.61312913894653,5.509937178545897,0.10319196040063261
67943.5038494001,224186.142918309,121,P02,perimeter_tin,,30.0,171.662555561122,5.62765598297119,5.510894049974695,0.11676193299649462
67943.5401001135,224185.8955605,122,P02,perimeter_tin,,30.25,171.662555561122,5.63587236404419,5.511850921403493,0.12402144264069737
67943.5763508269,224185.64820269,123,P02,perimeter_tin,,30.5,171.662555561122,5.64279127120972,5.512807792837066,0.12998347837265456
67943.6126015404,224185.400844881,124,P02,perimeter_tin,,30.75,171.662555561122,5.62182521820068,5.513764664265182,0.1080605539354984
67943.6488522538,224185.153487072,125,P02,perimeter_tin,,31.0,171.662555561122,5.6048059463501,5.51472153569398,0.09008441065612072
67943.6851029672,224184.906129263,126,P02,perimeter_tin,,31.25,171.662555561122,5.59131336212158,5.515678407122778,0.07563495499880268
67943.7213536806,224184.658771453,127,P02,perimeter_tin,,31.5,171.662555561122,5.57934141159058,5.51663527855635,0.06270613303422934
67943.757604394,224184.411413644,128,P02,perimeter_tin,,31.75,171.662555561122,5.59251260757446,5.517592149984921,0.07492045758953925
67943.7938551074,224184.164055835,129,P02,perimeter_tin,,32.0,171.662555561122,5.59674739837646,5.518549021413946,0.07819837696251408
67943.7561446312,224183.917638074,130,P02,perimeter_tin,,32.25,189.7938273585,5.57960653305054,5.519934953165375,0.05967157988516458
67943.7136187969,224183.671281517,131,P02,perimeter_tin,,32.5,189.7938273585,5.58377981185913,5.521348819552486,0.06243099230664395
67943.6710929626,224183.424924959,132,P02,perimeter_tin,,32.75,189.7938273585,5.56210041046143,5.522762685944144,0.0393377245172859
67943.6285671283,224183.178568402,133,P02,perimeter_tin,,33.0,189.7938273585,5.54004716873169,5.524176552331028,0.015870616400662563
67943.5860412939,224182.932211844,134,P02,perimeter_tin,,33.25,189.7938273585,5.52971172332764,5.525590418723596,0.0041213046040446955
67943.5435154596,224182.685855287,135,P02,perimeter_tin,,33.5,189.7938273585,5.50667142868042,5.527004285110252,-0.020332856429831736
67943.5009896253,224182.439498729,136,P02,perimeter_tin,,33.75,189.7938273585,5.48448324203491,5.528418151502137,-0.043934909467227
67943.458463791,224182.193142172,137,P02,perimeter_tin,,34.0,189.7938273585,5.48599815368652,5.529832017889021,-0.043833864202500905
67943.4159379566,224181.946785614,138,P02,perimeter_tin,,34.25,189.7938273585,5.47853851318359,5.531245884281361,-0.052707371097771016
67943.3734121223,224181.700429057,139,P02,perimeter_tin,,34.5,189.7938273585,5.46214532852173,5.532659750668472,-0.07051442214674175
67943.315195312,224181.458017989,140,P02,perimeter_tin,,34.75,198.434948822922,5.45619297027588,5.534146933940065,-0.07795396366418483
67943.2361383705,224181.220847165,141,P02,perimeter_tin,,35.0,198.434948822922,5.46285390853882,5.535731493775984,-0.0728775852371637
67943.157081429,224180.98367634,142,P02,perimeter_tin,,35.25,198.434948822922,5.45302391052246,5.537316053616905,-0.08429214309444522
67943.0780244875,224180.746505516,143,P02,perimeter_tin,,35.5,198.434948822922,5.44219350814819,5.538900613453052,-0.09670710530486204
67942.998967546,224180.509334691,144,P02,perimeter_tin,,35.75,198.434948822922,5.43905544281006,5.540485173293746,-0.10142973048368553
67942.9199106045,224180.272163867,145,P02,perimeter_tin,,36.0,198.434948822922,5.44644212722778,5.5420697331298925,-0.09562760590211283
67942.8340039184,224180.037568369,146,P02,perimeter_tin,,36.25,202.774969549007,5.43029689788818,5.543682266507403,-0.11338536861922321
67942.7372257132,224179.80706028,147,P02,perimeter_tin,,36.5,202.774969549007,5.42368268966675,5.545339197873318,-0.12165650820656815
67942.6404475079,224179.576552191,148,P02,perimeter_tin,,36.75,202.774969549007,5.42695331573486,5.546996129239687,-0.1200428135048277
67942.5436693027,224179.346044102,149,P02,perimeter_tin,,37.0,202.774969549007,5.42280054092407,5.548653060605602,-0.12585251968153255
67942.4468910975,224179.115536014,150,P02,perimeter_tin,,37.25,202.774969549007,5.42495155334473,5.550309991966969,-0.12535843862223928
67942.3501128923,224178.885027925,151,P02,perimeter_tin,,37.5,202.774969549007,5.42638921737671,5.551966923332884,-0.12557770595617423
67942.2533346871,224178.654519836,152,P02,perimeter_tin,,37.75,202.774969549007,5.42022228240967,5.5536238546985714,-0.1334015722889017
67942.1565564819,224178.424011747,153,P02,perimeter_tin,,38.0,202.774969549007,5.42274379730225,5.555280786064486,-0.13253698876223652
67942.0597782766,224178.193503658,154,P02,perimeter_tin,,38.25,202.774969549007,5.42098903656006,5.556937717431083,-0.13594868087102263
67941.9439716513,224177.972549757,155,P02,perimeter_tin,,38.5,210.547571748972,5.41096830368042,5.55866101298966,-0.14769270930923994
67941.8169082551,224177.757247892,156,P02,perimeter_tin,,38.75,210.547571748972,5.40493011474609,5.560423568058923,-0.15549345331283249
67941.689844859,224177.541946026,157,P02,perimeter_tin,,39.0,210.547571748972,5.39939069747925,5.562186123132506,-0.16279542565325578
67941.5627814629,224177.32664416,158,P02,perimeter_tin,,39.25,210.547571748972,5.40309238433838,5.5639486782060885,-0.16085629386770872
67941.4357180667,224177.111342295,159,P02,perimeter_tin,,39.5,210.547571748972,5.41317462921143,5.565711233275351,-0.1525366040639211
67941.3086546706,224176.896040429,160,P02,perimeter_tin,,39.75,210.547571748972,5.39514112472534,5.567473788348707,-0.17233266362336686
67941.1815912744,224176.680738563,161,P02,perimeter_tin,,40.0,210.547571748972,5.40684366226196,5.5692363434227445,-0.1623926811607843
67941.0545278783,224176.465436698,162,P02,perimeter_tin,,40.25,210.547571748972,5.41160249710083,5.57099889849178,-0.1593964013909499
67940.9274644822,224176.250134832,163,P02,perimeter_tin,,40.5,210.547571748972,5.41292858123779,5.5727614535651355,-0.15983287232734522
67940.7872888118,224176.043198564,164,P02,perimeter_tin,,40.75,214.527971655713,5.4176197052002,5.574561315757592,-0.15694161055739198
67940.6455866854,224175.837236171,165,P02,perimeter_tin,,41.0,214.527971655713,5.4194917678833,5.576365521031676,-0.1568737531483757
67940.503884559,224175.631273778,166,P02,perimeter_tin,,41.25,214.527971655713,5.42185258865356,5.5781697263057595,-0.15631713765219946
67940.3621824325,224175.425311385,167,P02,perimeter_tin,,41.5,214.527971655713,5.42830038070679,5.5799739315805255,-0.15167355087373569
67940.2204803061,224175.219348992,168,P02,perimeter_tin,,41.75,214.527971655713,5.42693948745728,5.581778136854837,-0.15483864939755687
67940.0787781797,224175.013386598,169,P02,perimeter_tin,,42.0,214.527971655713,5.43122100830078,5.583582342133923,-0.15236133383314243
67939.9370760532,224174.807424205,170,P02,perimeter_tin,,42.25,214.527971655713,5.42819929122925,5.585386547408689,-0.15718725617943896
67939.7953739268,224174.601461812,171,P02,perimeter_tin,,42.5,214.527971655713,5.43242073059082,5.587190752682773,-0.15477002209195234
67939.6536718003,224174.395499419,172,P02,perimeter_tin,,42.75,214.527971655713,5.43361711502075,5.588994957957311,-0.1553778429365611
67939.494097928,224174.204226892,173,P02,perimeter_tin,,43.0,224.309722801923,5.42665338516235,5.590834469761148,-0.16418108459879832
67939.3194637468,224174.02533334,174,P02,perimeter_tin,,43.25,224.309722801923,5.42573404312134,5.592703733966118,-0.16696969084477864
67939.1448295656,224173.846439789,175,P02,perimeter_tin,,43.5,224.309722801923,5.421959400177,5.5945729981663135,-0.1726135979893133
67938.9701953844,224173.667546237,176,P02,perimeter_tin,,43.75,224.309722801923,5.41050243377686,5.596442262371056,-0.18593982859419622
67938.7955612033,224173.488652686,177,P02,perimeter_tin,,44.0,224.309722801923,5.41946744918823,5.598311526570569,-0.17884407738233943
67938.6209270221,224173.309759134,178,P02,perimeter_tin,,44.25,224.309722801923,5.38742733001709,5.600180790775539,-0.21275346075844936
67938.4462928409,224173.130865583,179,P02,perimeter_tin,,44.5,224.309722801923,5.30290699005127,5.602050054975734,-0.29914306492446396
67938.2716586597,224172.951972031,180,P02,perimeter_tin,,44.75,224.309722801923,5.17794418334961,5.603919319180477,-0.42597513583086677
67938.0970244785,224172.77307848,181,P02,perimeter_tin,,45.0,224.309722801923,5.13056135177612,5.6057885833809,-0.4752272316047792
67937.9223902973,224172.594184929,182,P02,perimeter_tin,,45.25,224.309722801923,5.11259841918945,5.607657847580867,-0.4950594283914178
67937.7477561161,224172.415291377,183,P02,perimeter_tin,,45.5,224.309722801923,5.11202430725098,5.60952711178561,-0.4975028045346299
67937.5731219349,224172.236397826,184,P02,perimeter_tin,,45.75,224.309722801923,5.11044216156006,5.611396375986033,-0.5009542144259722
67937.3984877537,224172.057504274,185,P02,perimeter_tin,,46.0,224.309722801923,5.22817850112915,5.613265640191003,-0.3850871390618522
67937.2238535725,224171.878610723,186,P02,perimeter_tin,,46.25,224.309722801923,5.33549785614014,5.61513490439097,-0.27963704825083013
67937.0469893475,224171.702373553,187,P02,perimeter_tin,,46.5,235.663072125289,5.37987613677979,5.617004681784465,-0.2371285450046754
67936.8405556167,224171.561358962,188,P02,perimeter_tin,,46.75,235.663072125289,5.3894476890564,5.618881263875892,-0.22943357481949178
67936.6341218859,224171.420344371,189,P02,perimeter_tin,,47.0,235.663072125289,5.41454887390137,5.620757845967091,-0.20620897206572142
67936.4276881551,224171.279329781,190,P02,perimeter_tin,,47.25,235.663072125289,5.41597032546997,5.622634428053743,-0.20666410258377343
67936.2212544244,224171.13831519,191,P02,perimeter_tin,,47.5,235.663072125289,5.40765523910522,5.624511010144488,-0.2168557710392678
67936.0148206936,224170.997300599,192,P02,perimeter_tin,,47.75,235.663072125289,5.42818260192871,5.626387592235915,-0.19820499030720473
67935.8083869628,224170.856286008,193,P02,perimeter_tin,,48.0,235.663072125289,5.42649984359741,5.628264174327342,-0.20176433072993127
67935.6019532321,224170.715271418,194,P02,perimeter_tin,,48.25,235.663072125289,5.41557168960571,5.6301407564133115,-0.21456906680760124
67935.3955195013,224170.574256827,195,P02,perimeter_tin,,48.5,235.663072125289,5.41638278961182,5.632017338504738,-0.21563454889291833
67935.1890857705,224170.433242236,196,P02,perimeter_tin,,48.75,235.663072125289,5.40862321853638,5.633893920595938,-0.22527070205955813
67934.9826520398,224170.292227646,197,P02,perimeter_tin,,49.0,235.663072125289,5.39329624176025,5.635770502682135,-0.24247426092188462
67934.7715947641,224170.15854969,198,P02,perimeter_tin,,49.25,239.898695434621,5.40825700759888,5.637639501677768,-0.22938249407888822
67934.5553097637,224170.033167081,199,P02,perimeter_tin,,49.5,239.898695434621,5.3980860710144,5.639499926658345,-0.24141385564394557
67934.3390247634,224169.907784472,200,P02,perimeter_tin,,49.75,239.898695434621,5.40756177902222,5.641360351638696,-0.2337985726164753
67934.122739763,224169.782401863,201,P02,perimeter_tin,,50.0,239.898695434621,5.40040826797485,5.643220776619273,-0.24281250864442327
67933.9064547626,224169.657019254,202,P02,perimeter_tin,,50.25,239.898695434621,5.40219497680664,5.645081201600078,-0.24288622479343847
67933.6777582036,224169.559933026,203,P02,perimeter_tin,,50.5,252.734190504909,5.41611242294312,5.646880606962441,-0.23076818401932098
67933.4390236826,224169.485731756,204,P02,perimeter_tin,,50.75,252.734190504909,5.432204246521,5.648630662147525,-0.21642641562652543
67933.2002891616,224169.411530486,205,P02,perimeter_tin,,51.0,252.734190504909,5.44506359100342,5.650380717332837,-0.20531712632941712
67932.9615546406,224169.337329216,206,P02,perimeter_tin,,51.25,252.734190504909,5.45102214813232,5.652130772517921,-0.2011086243856015
67932.7228201196,224169.263127946,207,P02,perimeter_tin,,51.5,252.734190504909,5.46624422073364,5.653880827703006,-0.1876366069693658
67932.4840855986,224169.188926676,208,P02,perimeter_tin,,51.75,252.734190504909,5.47421741485596,5.6556308828883175,-0.1814134680323578
67932.2453510776,224169.114725406,209,P02,perimeter_tin,,52.0,252.734190504909,5.48311281204224,5.657380938073402,-0.17426812603116204
67932.0066165565,224169.040524136,210,P02,perimeter_tin,,52.25,252.734190504909,5.48582553863525,5.6591309932591685,-0.1733054546239181
67931.7678820355,224168.966322866,211,P02,perimeter_tin,,52.5,252.734190504909,5.49461555480957,5.66088104844448,-0.16626549363490994
67931.5291475145,224168.892121596,212,P02,perimeter_tin,,52.75,252.734190504909,5.5091700553894,5.662631103629565,-0.15346104824016482
67931.2801020475,224168.870358824,213,P02,perimeter_tin,,53.0,265.01758040959,5.54033422470093,5.664193698901727,-0.12385947420079635
67931.031046699,224168.848646307,214,P02,perimeter_tin,,53.25,265.01758040959,5.58517217636108,5.665756114518672,-0.08058393815759146
67930.7819913506,224168.826933789,215,P02,perimeter_tin,,53.5,265.01758040959,5.60531330108643,5.6673185301401645,-0.06200522905373429
67930.5329360022,224168.805221272,216,P02,perimeter_tin,,53.75,265.01758040959,5.63192510604858,5.6688809457564275,-0.036955839707847105
67930.2838806537,224168.783508754,217,P02,perimeter_tin,,54.0,265.01758040959,5.65613508224487,5.670443361378375,-0.01430827913350452
67930.0348253053,224168.761796237,218,P02,perimeter_tin,,54.25,265.01758040959,5.63698053359985,5.672005776994865,-0.03502524339501534
67929.7857699569,224168.740083719,219,P02,perimeter_tin,,54.5,265.01758040959,5.63694477081299,5.6735681926161305,-0.03662342180314049
67929.5367146084,224168.718371202,220,P02,perimeter_tin,,54.75,265.01758040959,5.64946985244751,5.675130608233076,-0.025660755785565925
67929.28765926,224168.696658684,221,P02,perimeter_tin,,55.0,265.01758040959,5.65778255462646,5.676693023854568,-0.018910469228107907
67929.0386039116,224168.674946166,222,P02,perimeter_tin,,55.25,265.01758040959,5.67527008056641,5.6782554394758336,-0.002985358909423752
67928.7895485632,224168.653233649,223,P02,perimeter_tin,,55.5,265.01758040959,5.67747402191162,5.679817855092097,-0.0023438331804763735
67928.5404932147,224168.631521131,224,P02,perimeter_tin,,55.75,265.01758040959,5.68963527679443,5.681380270713817,0.00825500608061347
67928.2920896101,224168.656759887,225,P02,perimeter_tin,,56.0,276.572994986314,5.72099494934082,5.682716911467878,0.03827803787294215
67928.043732903,224168.685377121,226,P02,perimeter_tin,,56.25,276.572994986314,5.7484769821167,5.684037306114988,0.06443967600171252
67927.795376196,224168.713994355,227,P02,perimeter_tin,,56.5,276.572994986314,5.77021455764771,5.68535770076187,0.08485685688584077
67927.5470194889,224168.742611588,228,P02,perimeter_tin,,56.75,276.572994986314,5.76383876800537,5.686678095413981,0.07716067259138892
67927.2986627819,224168.771228822,229,P02,perimeter_tin,,57.0,276.572994986314,5.76415395736694,5.687998490060863,0.07615546730607647
67927.0503060749,224168.799846056,230,P02,perimeter_tin,,57.25,276.572994986314,5.76955556869507,5.689318884707745,0.08023668398732475
67926.8019493678,224168.82846329,231,P02,perimeter_tin,,57.5,276.572994986314,5.80377149581909,5.690639279355082,0.11313221646400784
67926.5535926608,224168.857080523,232,P02,perimeter_tin,,57.75,276.572994986314,5.82651233673096,5.691959674006739,0.13455266272422062
67926.3052359537,224168.885697757,233,P02,perimeter_tin,,58.0,276.572994986314,5.84940052032471,5.693280068654076,0.15612045167063382
67926.0568792467,224168.914314991,234,P02,perimeter_tin,,58.25,276.572994986314,5.8751859664917,5.694600463300958,0.18058550319074218
67925.8085225396,224168.942932224,235,P02,perimeter_tin,,58.5,276.572994986314,5.88496351242065,5.69592085795307,0.18904265446758028
67925.5601658326,224168.971549458,236,P02,perimeter_tin,,58.75,276.572994986314,5.88242816925049,5.697241252599952,0.18518691665053844
67925.3118091256,224169.000166692,237,P02,perimeter_tin,,59.0,276.572994986314,5.89972639083862,5.698561647246606,0.20116474359201408
67925.0634524185,224169.028783926,238,P02,perimeter_tin,,59.25,276.572994986314,5.8876314163208,5.699882041893943,0.1877493744268568
67924.8150957115,224169.057401159,239,P02,perimeter_tin,,59.5,276.572994986314,5.91464805603027,5.7012024365456,0.2134456194846699
67924.6046264568,224168.938125531,240,P02,perimeter_tin,,59.75,234.688786561618,5.93893146514893,5.702999904244962,0.2359315609039685
67924.4006203365,224168.793621196,241,P02,perimeter_tin,,60.0,234.688786561618,5.97432613372803,5.704878754751235,0.26944737897679527
67924.1966142162,224168.649116861,242,P02,perimeter_tin,,60.25,234.688786561618,5.96651840209961,5.706757605257508,0.2597607968421025
67923.9861062096,224168.516616843,243,P02,perimeter_tin,,60.5,248.428692808636,5.93715953826904,5.708617816336755,0.2285417219322854
67923.7536160296,224168.424702121,244,P02,perimeter_tin,,60.75,248.428692808636,5.94216012954712,5.710415009530607,0.23174512001651326
67923.5211258495,224168.332787398,245,P02,perimeter_tin,,61.0,248.428692808636,5.94696378707886,5.71221220273037,0.23475158434848975
67923.2886356695,224168.240872676,246,P02,perimeter_tin,,61.25,248.428692808636,5.96583366394043,5.714009395924222,0.2518242680162075
67923.0561454894,224168.148957954,247,P02,perimeter_tin,,61.5,248.428692808636,5.97656059265137,5.715806589118756,0.2607540035326137
67922.8236553094,224168.057043231,248,P02,perimeter_tin,,61.75,248.428692808636,6.00551795959473,5.717603782317383,0.28791417727734725
67922.5911651294,224167.965128509,249,P02,perimeter_tin,,62.0,248.428692808636,6.01739740371704,5.719400975511462,0.29799642820557803
67922.3586749493,224167.873213787,250,P02,perimeter_tin,,62.25,248.428692808636,6.03426504135132,5.721198168706223,0.3130668726450967
67922.1261847693,224167.781299064,251,P02,perimeter_tin,,62.5,248.428692808636,6.03364896774292,5.72299536190485,0.3106536058380698
67921.8822336189,224167.763242344,252,P02,perimeter_tin,,62.75,273.930175545926,6.03812789916992,5.724510578382706,0.3136173207872144
67921.6328215391,224167.780377525,253,P02,perimeter_tin,,63.0,273.930175545926,6.06659173965454,5.725891438441067,0.34070030121347283
67921.3834094592,224167.797512706,254,P02,perimeter_tin,,63.25,273.930175545926,6.0892391204834,5.727272298499884,0.3619668219835166
67921.1339973794,224167.814647887,255,P02,perimeter_tin,,63.5,273.930175545926,6.08984899520874,5.728653158558245,0.36119583665049504
67920.8845852995,224167.831783068,256,P02,perimeter_tin,,63.75,273.930175545926,6.07985591888428,5.7300340186170615,0.3498219002672185
67917.4011651764,224168.139090752,270,P02,perimeter_tin,,67.25,280.189463869652,5.97061157226562,5.748998429347921,0.22161314291769862
67917.1551081375,224168.18331669,271,P02,perimeter_tin,,67.5,280.189463869652,5.9759373664856,5.750231557370171,0.22570580911542937
67916.9090510986,224168.227542628,272,P02,perimeter_tin,,67.75,280.189463869652,5.96913766860962,5.751464685391966,0.21767298321765427
67916.6629940598,224168.271768567,273,P02,perimeter_tin,,68.0,280.189463869652,5.97510671615601,5.7526978134087585,0.22240890274725178
67916.4169370209,224168.315994505,274,P02,perimeter_tin,,68.25,280.189463869652,5.96944618225098,5.753930941431008,0.21551524081997186
67916.170879982,224168.360220444,275,P02,perimeter_tin,,68.5,280.189463869652,5.96534299850464,5.755164069448483,0.21017892905615643
67915.9248229432,224168.404446382,276,P02,perimeter_tin,,68.75,280.189463869652,5.96551084518433,5.756397197470051,0.20911364771427898
67915.6787659043,224168.44867232,277,P02,perimeter_tin,,69.0,280.189463869652,5.9458475112915,5.757630325492073,0.18821718579942726
67915.4327088654,224168.492898259,278,P02,perimeter_tin,,69.25,280.189463869652,5.93656921386719,5.758863453509548,0.17770576035764218
67915.1866518266,224168.537124197,279,P02,perimeter_tin,,69.5,280.189463869652,5.92289686203003,5.760096581530888,0.16280028049914197
67914.9405947877,224168.581350135,280,P02,perimeter_tin,,69.75,280.189463869652,5.92130422592163,5.761329709552911,0.1599745163687194
67914.6945377488,224168.625576074,281,P02,perimeter_tin,,70.0,280.189463869652,5.90014410018921,5.7625628375703855,0.13758126261882442
67914.44848071,224168.669802012,282,P02,perimeter_tin,,70.25,280.189463869652,5.88462209701538,5.763795965591953,0.12082613142342691
67914.2024236711,224168.71402795,283,P02,perimeter_tin,,70.5,280.189463869652,5.86742782592773,5.765029093613975,0.10239873231375451
67913.9563666322,224168.758253889,284,P02,perimeter_tin,,70.75,280.189463869652,5.85145282745361,5.766262221631223,0.0851906058223868
67913.7103095934,224168.802479827,285,P02,perimeter_tin,,71.0,280.189463869652,5.83855628967285,5.7674953496527905,0.07106094002005925
67913.4642525545,224168.846705765,286,P02,perimeter_tin,,71.25,280.189463869652,5.83786869049072,5.76872847767504,0.06914021281567972
67913.2306427311,224168.921682263,287,P02,perimeter_tin,,71.5,303.884784803181,5.86015558242798,5.7697432810980445,0.09041230132993583
67913.0231026391,224169.061063432,288,P02,perimeter_tin,,71.75,303.884784803181,5.86143016815186,5.7703008205198785,0.09112934763198144
67912.8155625471,224169.200444601,289,P02,perimeter_tin,,72.0,303.884784803181,5.84386491775513,5.77085835994194,0.07300655781318977
67912.6080224551,224169.339825769,290,P02,perimeter_tin,,72.25,303.884784803181,5.86588191986084,5.771415899368321,0.09446602049251851
67912.4004823631,224169.479206938,291,P02,perimeter_tin,,72.5,303.884784803181,5.88846063613892,5.77197343879061,0.11648719734830948
67912.1929422711,224169.618588107,292,P02,perimeter_tin,,72.75,303.884784803181,5.89442300796509,5.772530978212444,0.12189202975264557
67911.9854021791,224169.757969276,293,P02,perimeter_tin,,73.0,303.884784803181,5.91895151138306,5.7730885176345055,0.14586299374855471
67911.7778620871,224169.897350444,294,P02,perimeter_tin,,73.25,303.884784803181,5.92360162734985,5.773646057061114,0.14995557028873563
67911.5703219951,224170.036731613,295,P02,perimeter_tin,,73.5,303.884784803181,5.93060207366943,5.774203596482948,0.1563984771864817
67911.3627819031,224170.176112782,296,P02,perimeter_tin,,73.75,303.884784803181,5.93378353118896,5.77476113590501,0.15902239528395068
67911.1552418111,224170.315493951,297,P02,perimeter_tin,,74.0,303.884784803181,5.93683242797852,5.775318675327071,0.16151375265144896
67910.9477017191,224170.45487512,298,P02,perimeter_tin,,74.25,303.884784803181,5.93648624420166,5.775876214748905,0.16061002945275504
67910.7401616271,224170.594256288,299,P02,perimeter_tin,,74.5,303.884784803181,5.94536876678467,5.776433754175514,0.16893501260915578
67910.5326215351,224170.733637457,300,P02,perimeter_tin,,74.75,303.884784803181,5.94319152832031,5.776991293597575,0.16620023472273449
67910.3250814431,224170.873018626,301,P02,perimeter_tin,,75.0,303.884784803181,5.96238040924072,5.777548833019409,0.18483157622131063
67910.1175413511,224171.012399795,302,P02,perimeter_tin,,75.25,303.884784803181,5.94452285766602,5.778106372441471,0.16641648522454933
67909.9100012591,224171.151780964,303,P02,perimeter_tin,,75.5,303.884784803181,5.93905782699585,5.778663911863532,0.1603939151323175
67909.7024611671,224171.291162132,304,P02,perimeter_tin,,75.75,303.884784803181,5.93546581268311,5.779221451290141,0.15624436139296893
67909.4949210751,224171.430543301,305,P02,perimeter_tin,,76.0,303.884784803181,5.93987083435059,5.779778990712202,0.16009184363838802
67909.2873809831,224171.56992447,306,P02,perimeter_tin,,76.25,303.884784803181,5.94120407104492,5.780336530133809,0.1608675409111111
67909.0828514844,224171.713334546,307,P02,perimeter_tin,,76.5,309.652918400351,5.94244003295898,5.780857377716302,0.161582655242678
67908.8903704371,224171.872868387,308,P02,perimeter_tin,,76.75,309.652918400351,5.94954109191895,5.781231383848535,0.16830970807041457
67908.6978893898,224172.032402228,309,P02,perimeter_tin,,77.0,309.652918400351,5.9599404335022,5.7816053899807685,0.17833504352143148
67908.5054083425,224172.191936069,310,P02,perimeter_tin,,77.25,309.652918400351,5.95959329605103,5.781979396113002,0.17761389993802812
67908.3129272952,224172.35146991,311,P02,perimeter_tin,,77.5,309.652918400351,5.95682716369629,5.782353402245462,0.1744737614508276
67908.1204462479,224172.511003752,312,P02,perimeter_tin,,77.75,309.652918400351,5.94186592102051,5.782727408372921,0.15913851264758883
67907.9279652006,224172.670537593,313,P02,perimeter_tin,,78.0,309.652918400351,5.90241432189941,5.783101414505154,0.1193129073942556
67907.7354841533,224172.830071434,314,P02,perimeter_tin,,78.25,309.652918400351,5.86575984954834,5.783475420637387,0.08228442891095256
67907.543003106,224172.989605275,315,P02,perimeter_tin,,78.5,309.652918400351,5.8161997795105,5.7838494267696205,0.032350352740879273
67907.3468153528,224173.144293892,316,P02,perimeter_tin,,78.75,305.180699361213,5.76903867721558,5.784268063835725,-0.015229386620145391
67907.1424805956,224173.288333147,317,P02,perimeter_tin,,79.0,305.180699361213,5.74058771133423,5.784784795645692,-0.04419708431146141
67906.9381458384,224173.432372402,318,P02,perimeter_tin,,79.25,305.180699361213,5.73434448242188,5.785301527455886,-0.05095704503400533
67906.7338110813,224173.576411657,319,P02,perimeter_tin,,79.5,305.180699361213,5.75418901443481,5.78581825926517,-0.031629244830360115
67906.5294763241,224173.720450912,320,P02,perimeter_tin,,79.75,305.180699361213,5.80244588851929,5.786334991075364,0.016110897443925687
67906.2953622924,224173.793022824,321,P02,perimeter_tin,,80.0,280.06068979636,5.82136535644531,5.787364117090192,0.034001239355117896
67906.0492064759,224173.83669563,322,P02,perimeter_tin,,80.25,280.06068979636,5.83339071273804,5.788600438916546,0.044790273821493365
67905.8030506594,224173.880368436,323,P02,perimeter_tin,,80.5,280.06068979636,5.84410095214844,5.789836760743583,0.054264191404857165
67905.5568948429,224173.924041242,324,P02,perimeter_tin,,80.75,280.06068979636,5.84029197692871,5.791073082570165,0.04921889435854521
67905.3228907856,224173.853114309,325,P02,perimeter_tin,,81.0,247.833654177981,5.81352996826172,5.792779932455687,0.020750035806032407
67905.0913676957,224173.758790087,326,P02,perimeter_tin,,81.25,247.833654177981,5.79303121566772,5.794582847839138,-0.0015516321714175163
67904.8598446057,224173.664465865,327,P02,perimeter_tin,,81.5,247.833654177981,5.77285194396973,5.796385763223043,-0.02353381925331277
67904.6308746556,224173.620119087,328,P02,perimeter_tin,,81.75,298.015267467389,5.75732803344727,5.797937453454097,-0.040609420006826547
67904.4101690399,224173.737545793,329,P02,perimeter_tin,,82.0,298.015267467389,5.7684178352356,5.798675945472041,-0.030258110236441205
67904.1894634243,224173.854972498,330,P02,perimeter_tin,,82.25,298.015267467389,5.75941753387451,5.799414437494079,-0.03999690361956887
67903.9687578086,224173.972399204,331,P02,perimeter_tin,,82.5,298.015267467389,5.75893402099609,5.800152929511796,-0.041218908515705976
67903.748052193,224174.08982591,332,P02,perimeter_tin,,82.75,298.015267467389,5.76776933670044,5.800891421529286,-0.03312208482884582
67903.5273465773,224174.207252616,333,P02,perimeter_tin,,83.0,298.015267467389,5.79287099838257,5.801629913547231,-0.008758915164660763
67903.3066409617,224174.324679321,334,P02,perimeter_tin,,83.25,298.015267467389,5.79376220703125,5.802368405569268,-0.008606198538018361
67903.0859353461,224174.442106027,335,P02,perimeter_tin,,83.5,298.015267467389,5.78000831604004,5.803106897586531,-0.023098581546491026
67902.8652297304,224174.559532733,336,P02,perimeter_tin,,83.75,298.015267467389,5.77750539779663,5.803845389604476,-0.026339991807845742
67902.6445241148,224174.676959439,337,P02,perimeter_tin,,84.0,298.015267467389,5.77238941192627,5.804583881621966,-0.03219446969569528
67902.4238184991,224174.794386144,338,P02,perimeter_tin,,84.25,298.015267467389,5.78664922714233,5.805322373644458,-0.01867314650212748
67902.1930602046,224174.87151663,339,P02,perimeter_tin,,84.5,270.0,5.78737688064575,5.806310280930347,-0.018933400284597113
67901.9430602046,224174.87151663,340,P02,perimeter_tin,,84.75,270.0,5.76755332946777,5.80777559083117,-0.040222261363400236
67901.6930602046,224174.87151663,341,P02,perimeter_tin,,85.0,270.0,5.78437328338623,5.80924090073222,-0.024867617345990745
67901.4430602046,224174.87151663,342,P02,perimeter_tin,,85.25,270.0,5.77710723876953,5.810706210633043,-0.033598971863512794
67901.1930602046,224174.87151663,343,P02,perimeter_tin,,85.5,270.0,5.77578544616699,5.812171520533866,-0.036386074366875576
67900.9430602046,224174.87151663,344,P02,perimeter_tin,,85.75,270.0,5.77375459671021,5.813636830434689,-0.03988223372447841
67900.6930602046,224174.87151663,345,P02,perimeter_tin,,86.0,270.0,5.77063369750977,5.815102140335512,-0.04446844282574158
67900.4430602046,224174.87151663,346,P02,perimeter_tin,,86.25,270.0,5.77493095397949,5.816567450236562,-0.04163649625707144
67900.2013286323,224174.910867247,347,P02,perimeter_tin,,86.5,293.732939804153,5.79241514205933,5.817798272983509,-0.025383130924179653
67899.9724707925,224175.01148578,348,P02,perimeter_tin,,86.75,293.732939804153,5.72773838043213,5.818664005162191,-0.09092562473006094
67899.7436129527,224175.112104313,349,P02,perimeter_tin,,87.0,293.732939804153,5.67085933685303,5.819529737340872,-0.14867040048784208
67899.514755113,224175.212722846,350,P02,perimeter_tin,,87.25,293.732939804153,5.64297533035278,5.820395469519099,-0.17742013916631905
67899.2858972732,224175.313341379,351,P02,perimeter_tin,,87.5,293.732939804153,5.66339302062988,5.82126120169778,-0.1578681810678999
67899.0570394335,224175.413959912,352,P02,perimeter_tin,,87.75,293.732939804153,5.66983318328857,5.822126933875779,-0.1522937505872095
67898.8281815937,224175.514578445,353,P02,perimeter_tin,,88.0,293.732939804153,5.68215322494507,5.822992666054688,-0.14083944110961788
67898.599323754,224175.615196978,354,P02,perimeter_tin,,88.25,293.732939804153,5.66998815536499,5.823858398232687,-0.15387024286769702
67898.3855988108,224175.74227314,355,P02,perimeter_tin,,88.5,305.803344107663,5.67744541168213,5.824510358555017,-0.14706494687288707
67898.1828413918,224175.888524393,356,P02,perimeter_tin,,88.75,305.803344107663,5.67553329467773,5.825007388331642,-0.14947409365391184
67897.9800839727,224176.034775646,357,P02,perimeter_tin,,89.0,305.803344107663,5.68137359619141,5.825504418108721,-0.14413082191731164
67897.7773265537,224176.181026899,358,P02,perimeter_tin,,89.25,305.803344107663,5.67560720443726,5.826001447885574,-0.15039424344831342
67897.5745691347,224176.327278152,359,P02,perimeter_tin,,89.5,305.803344107663,5.68444585800171,5.826498477662199,-0.14205261966048877
67897.4725405379,224176.553328427,360,P02,perimeter_tin,,89.75,337.422973010043,5.68829345703125,5.826027874219562,-0.13773441718831236
67897.3765592563,224176.784169484,361,P02,perimeter_tin,,90.0,337.422973010043,5.68290996551514,5.825499178337168,-0.14258921282202763
67897.2805779747,224177.015010541,362,P02,perimeter_tin,,90.25,337.422973010043,5.69652128219604,5.8249704824547734,-0.12844920025873385
67897.1845966931,224177.245851598,363,P02,perimeter_tin,,90.5,337.422973010043,5.74354982376099,5.824441786572379,-0.0808919628113891
67897.0886154115,224177.476692655,364,P02,perimeter_tin,,90.75,337.422973010043,5.76915788650513,5.8239130906899845,-0.05475520418485491
67896.9926341299,224177.707533712,365,P02,perimeter_tin,,91.0,337.422973010043,5.79464149475098,5.823384394807817,-0.02874290005683733
67896.8966528484,224177.938374769,366,P02,perimeter_tin,,91.25,337.422973010043,5.80730819702148,5.822855698924741,-0.01554750190326093
67896.8006715668,224178.169215826,367,P02,perimeter_tin,,91.5,337.422973010043,5.81687545776367,5.822327003042801,-0.005451545279131054
67896.7046902852,224178.400056883,368,P02,perimeter_tin,,91.75,337.422973010043,5.82185554504395,5.821798307160407,5.723788354305981e-05
67896.6087090036,224178.63089794,369,P02,perimeter_tin,,92.0,337.422973010043,5.82247447967529,5.82126961127824,0.0012048683970506957
67896.512727722,224178.861738997,370,P02,perimeter_tin,,92.25,337.422973010043,5.82020235061646,5.820740915395845,-0.0005385647793847426
67896.4167464404,224179.092580054,371,P02,perimeter_tin,,92.5,337.422973010043,5.8181209564209,5.820212219513223,-0.0020912630923231035
67896.3322369155,224179.326983883,372,P02,perimeter_tin,,92.75,348.07067782282,5.81020164489746,5.8195994424663695,-0.00939779756890946
67896.2805606834,224179.571584715,373,P02,perimeter_tin,,93.0,348.07067782282,5.80783987045288,5.818746016878322,-0.010906146425441854
67896.2288844513,224179.816185547,374,P02,perimeter_tin,,93.25,348.07067782282,5.80789947509766,5.817892591290274,-0.009993116192614337
67896.1772082192,224180.060786379,375,P02,perimeter_tin,,93.5,348.07067782282,5.80411005020142,5.8170391657022265,-0.012929115500806887
67896.1255319871,224180.305387211,376,P02,perimeter_tin,,93.75,348.07067782282,5.81197309494019,5.816185740114179,-0.004212645173988783
67896.0738557549,224180.549988043,377,P02,perimeter_tin,,94.0,348.07067782282,5.80477237701416,5.815332314527041,-0.010559937512880424
67896.0221795228,224180.794588875,378,P02,perimeter_tin,,94.25,348.07067782282,5.81154870986938,5.814478888938993,-0.0029301790696125707
67895.9705032907,224181.039189707,379,P02,perimeter_tin,,94.5,348.07067782282,5.81510162353516,5.813625463351173,0.0014761601839872185
67895.9188270586,224181.283790539,380,P02,perimeter_tin,,94.75,348.07067782282,5.81498575210571,5.8127720377628975,0.0022137143428127004
67895.8671508264,224181.528391371,381,P02,perimeter_tin,,95.0,348.07067782282,5.81590890884399,5.811918612175759,0.003990296668230364
67895.8154745943,224181.772992203,382,P02,perimeter_tin,,95.25,348.07067782282,5.79970264434814,5.811065186587712,-0.01136254223957156
67895.7637983622,224182.017593035,383,P02,perimeter_tin,,95.5,348.07067782282,5.79641914367676,5.810211760999664,-0.013792617322904377
67895.7121221301,224182.262193867,384,P02,perimeter_tin,,95.75,348.07067782282,5.78921699523926,5.809358335411616,-0.020141340172356692
67895.660445898,224182.506794699,385,P02,perimeter_tin,,96.0,348.07067782282,5.77741384506226,5.808504909823796,-0.03109106476153567
67895.7468641169,224182.733306872,386,P02,perimeter_tin,,96.25,26.8544213401943,5.78160667419434,5.806927590891064,-0.02532091669672365
67895.8597954028,224182.956346161,387,P02,perimeter_tin,,96.5,26.8544213401943,5.7926721572876,5.8052112900384145,-0.012539132750814197
67895.9727266886,224183.179385451,388,P02,perimeter_tin,,96.75,26.8544213401943,5.80936002731323,5.803494989181672,0.005865038131557476
67896.0856579745,224183.40242474,389,P02,perimeter_tin,,97.0,26.8544213401943,5.83573341369629,5.801778688329023,0.03395472536726718
67896.1985892603,224183.62546403,390,P02,perimeter_tin,,97.25,26.8544213401943,5.86509275436401,5.8000623874722805,0.06503036689172959
67896.3463708604,224183.818337059,391,P02,perimeter_tin,,97.5,54.9041832131855,5.85864067077637,5.798284426877217,0.06035624389915295
67896.5509187846,224183.962073438,392,P02,perimeter_tin,,97.75,54.9041832131855,5.8275785446167,5.796406031121023,0.031172513495676846
67896.7554667088,224184.105809818,393,P02,perimeter_tin,,98.0,54.9041832131855,5.80988883972168,5.794527635360282,0.01536120436139754
67896.960014633,224184.249546197,394,P02,perimeter_tin,,98.25,54.9041832131855,5.81677579879761,5.792649239603861,0.024126559193748953
67897.1645625572,224184.393282576,395,P02,perimeter_tin,,98.5,54.9041832131855,5.82379674911499,5.7907708438476675,0.03302590526732274
67897.3691104814,224184.537018955,396,P02,perimeter_tin,,98.75,54.9041832131855,5.83181667327881,5.788892448091474,0.04292422518733652
67897.5736584057,224184.680755334,397,P02,perimeter_tin,,99.0,54.9041832131855,5.83630037307739,5.7870140523348255,0.04928632074256445
67897.7782063299,224184.824491713,398,P02,perimeter_tin,,99.25,54.9041832131855,5.8468861579895,5.785135656578859,0.06175050141064098
67897.9800540412,224184.969995669,399,P02,perimeter_tin,,99.5,11.5138311846473,5.85756731033325,5.783264731472173,0.0743025788610776
67898.0299551617,224185.214964806,400,P02,perimeter_tin,,99.75,11.5138311846473,5.83980941772461,5.781814195577681,0.057995222146929315
67898.0798562823,224185.459933943,401,P02,perimeter_tin,,100.0,11.5138311846473,5.84381437301636,5.780363659682735,0.06345071333362551
67898.1297574028,224185.70490308,402,P02,perimeter_tin,,100.25,11.5138311846473,5.86781549453735,5.778913123788016,0.08890237074933438
67898.1796585233,224185.949872217,403,P02,perimeter_tin,,100.5,11.5138311846473,5.87919807434082,5.777462587893751,0.10173548644706898
67898.2295596439,224186.194841355,404,P02,perimeter_tin,,100.75,11.5138311846473,5.88057994842529,5.77601205199403,0.10456789643126019
67898.2794607644,224186.439810492,405,P02,perimeter_tin,,101.0,11.5138311846473,5.85437917709351,5.7745615160995385,0.0798176609939718
67898.3669996397,224186.657203072,406,P02,perimeter_tin,,101.25,60.9453959022499,5.84152984619141,5.773020740187576,0.06850910600383386
67898.5855389588,224186.778613805,407,P02,perimeter_tin,,101.5,60.9453959022499,5.82342147827148,5.77116587853061,0.05225559974087002
67898.8040782778,224186.900024537,408,P02,perimeter_tin,,101.75,60.9453959022499,5.7831768989563,5.769311016878646,0.013865882077653602
67899.0211620989,224187.007240472,409,P02,perimeter_tin,,102.0,130.763605200461,5.76564788818359,5.767531789942495,-0.001883901758905182
67899.2105145893,224186.844005567,410,P02,perimeter_tin,,102.25,130.763605200461,5.77203941345215,5.767193617235762,0.004845796216388365
67899.3998670797,224186.680770661,411,P02,perimeter_tin,,102.5,130.763605200461,5.7748818397522,5.7668554445340305,0.008026395218169391
67899.6300960308,224186.648154032,412,P02,perimeter_tin,,102.75,83.990994043543,5.78568458557129,5.7656602075255705,0.020024378045719438
67899.878722394,224186.674325228,413,P02,perimeter_tin,,103.0,83.990994043543,5.79306316375732,5.764079228582887,0.028983935174433206
67900.0816215599,224186.766480791,414,P02,perimeter_tin,,103.25,26.565051177078,5.81066513061523,5.762454336874271,0.04821079374095927
67900.1934249588,224186.990087589,415,P02,perimeter_tin,,103.5,26.565051177078,5.81098651885986,5.760741964027375,0.05024455483248502
67900.3052283576,224187.213694386,416,P02,perimeter_tin,,103.75,26.565051177078,5.81578254699707,5.759029591185481,0.056752955811589345
67900.4170317565,224187.437301184,417,P02,perimeter_tin,,104.0,26.565051177078,5.80309247970581,5.757317218338358,0.045775261367452025
67900.6462942137,224187.510469191,418,P02,perimeter_tin,,104.25,77.4711922870295,5.76814365386963,5.755627565778468,0.01251608809116167
67900.8656587423,224187.423414635,419,P02,perimeter_tin,,104.5,122.347443499228,5.74167919158936,5.754753354581226,-0.013074162991865812
67901.0768635112,224187.289651615,420,P02,perimeter_tin,,104.75,122.347443499228,5.73066759109497,5.754147776684931,-0.023480185589961344
67901.252424048,224187.11772738,421,P02,perimeter_tin,,105.0,143.746162263024,5.7436375617981,5.753931519378057,-0.010293957579956547
67901.4387512942,224187.028533051,422,P02,perimeter_tin,,105.25,74.0546040993834,5.76653337478638,5.753261063052605,0.013272311733774522
67901.6791322811,224187.097213333,423,P02,perimeter_tin,,105.5,74.0546040993834,5.78023433685303,5.7515274571478585,0.028706879705171495
67901.919513268,224187.165893614,424,P02,perimeter_tin,,105.75,74.0546040993834,5.81651878356934,5.749793851247659,0.06672493232168097
67902.159894255,224187.234573896,425,P02,perimeter_tin,,106.0,74.0546040993834,5.83460569381714,5.748060245342458,0.08654544847468149
67902.4002752419,224187.303254178,426,P02,perimeter_tin,,106.25,74.0546040993834,5.81968641281128,5.746326639437484,0.07335977337379607
67902.6406562288,224187.37193446,427,P02,perimeter_tin,,106.5,74.0546040993834,5.80598258972168,5.7445930335327375,0.06138955618894215
67902.8810372157,224187.440614742,428,P02,perimeter_tin,,106.75,74.0546040993834,5.79042291641235,5.742859427627991,0.04756348878435901
67903.1214182026,224187.509295024,429,P02,perimeter_tin,,107.0,74.0546040993834,5.79579401016235,5.741125821723017,0.054668188439332965
67903.3617991895,224187.577975306,430,P02,perimeter_tin,,107.25,74.0546040993834,5.79623603820801,5.73939221581827,0.056843822389739174
67903.5465582065,224187.714376046,431,P02,perimeter_tin,,107.5,27.1496816971354,5.78663110733032,5.737664485680398,0.04896662164992183
67903.6606373684,224187.936830412,432,P02,perimeter_tin,,107.75,27.1496816971354,5.76014852523804,5.7359442219840275,0.024204303254012238
67903.7747165303,224188.159284778,433,P02,perimeter_tin,,108.0,27.1496816971354,5.76441717147827,5.734223958287657,0.03019321319061241
67903.8319292674,224188.400041003,434,P02,perimeter_tin,,108.25,8.5307656095072,5.74662971496582,5.732750483142354,0.013879231823466398
67903.8690143806,224188.647275091,435,P02,perimeter_tin,,108.5,8.5307656095072,5.76960802078247,5.731364357734037,0.03824366304843263
67903.9060994938,224188.894509179,436,P02,perimeter_tin,,108.75,8.5307656095072,5.75437068939209,5.729978232325948,0.024392457066142015
67903.9431846071,224189.141743267,437,P02,perimeter_tin,,109.0,8.5307656095072,5.71403121948242,5.728592106916949,-0.01456088743452888
67904.0962671923,224189.339335892,438,P02,perimeter_tin,,109.25,37.806529944845,5.68146419525146,5.726760764822529,-0.04529656957106898
67904.2495164681,224189.53685718,439,P02,perimeter_tin,,109.5,37.806529944845,5.66400289535522,5.724928782949291,-0.06092588759407125
67904.4027657438,224189.734378469,440,P02,perimeter_tin,,109.75,37.806529944845,5.66978740692139,5.723096801071961,-0.053309394150570455
67904.5560150195,224189.931899758,441,P02,perimeter_tin,,110.0,37.806529944845,5.73669481277466,5.721264819194175,0.015429993580484691
67904.7110417639,224190.128014497,442,P02,perimeter_tin,,110.25,38.9041384549,5.74976062774658,5.7194290683933104,0.03033155935326981
67904.8680465809,224190.322563944,443,P02,perimeter_tin,,110.5,38.9041384549,5.70866727828979,5.717589123308699,-0.008921845018909025
67905.025051398,224190.517113391,444,P02,perimeter_tin,,110.75,38.9041384549,5.67775821685791,5.715749178223859,-0.03799096136594926
67905.1820562151,224190.711662839,445,P02,perimeter_tin,,111.0,38.9041384549,5.66038179397583,5.713909233134018,-0.05352743915818792
67905.3390610321,224190.906212286,446,P02,perimeter_tin,,111.25,38.9041384549,5.69617319107056,5.712069288049861,-0.015896096979300722
67905.3850163431,224191.150630298,447,P02,perimeter_tin,,111.5,9.46232220766006,5.72682619094849,5.71064448484799,0.016181706100500293
67905.4261160899,224191.397228779,448,P02,perimeter_tin,,111.75,9.46232220766006,5.70397186279297,5.70923783344324,-0.005265970650270013
67905.4672158367,224191.64382726,449,P02,perimeter_tin,,112.0,9.46232220766006,5.64323043823242,5.7078311820389445,-0.06460074380652436
67905.6644852715,224191.792519591,450,P02,perimeter_tin,,112.25,54.706652409185,5.64820957183838,5.705972018761258,-0.057762446922878574
67905.8685364409,224191.936960306,451,P02,perimeter_tin,,112.5,54.706652409185,5.65892124176025,5.704093204965375,-0.0451719632051244
67906.0725876103,224192.081401022,452,P02,perimeter_tin,,112.75,54.706652409185,5.6535472869873,5.702214391164489,-0.04866710417718867
67906.2766387797,224192.225841737,453,P02,perimeter_tin,,113.0,54.706652409185,5.65793132781982,5.7003355773681506,-0.042404249548330775
67906.4806899491,224192.370282453,454,P02,perimeter_tin,,113.25,54.706652409185,5.66595649719238,5.698456763567492,-0.03250026637511194
67906.6847411185,224192.514723168,455,P02,perimeter_tin,,113.5,54.706652409185,5.70385074615479,5.696577949771381,0.0072727963834084974
67906.8993039396,224192.618449689,456,P02,perimeter_tin,,113.75,96.3401917467896,5.74251651763916,5.6948299946816405,0.04768652295751963
67907.1477748733,224192.590841807,457,P02,perimeter_tin,,114.0,96.3401917467896,5.71133899688721,5.693504158970427,0.017834837916782753
67907.3087834116,224192.70920407,458,P02,perimeter_tin,,114.25,21.8014094844862,5.60237455368042,5.6920009101716005,-0.08962635649118056
67907.4016310807,224192.941323242,459,P02,perimeter_tin,,114.5,21.8014094844862,5.49285840988159,5.690359400475245,-0.1975009905936549
67907.5551050843,224193.13729686,460,P02,perimeter_tin,,114.75,39.8055710922652,5.47676658630371,5.688533417787539,-0.21176683148382924
67907.7151511842,224193.32935218,461,P02,perimeter_tin,,115.0,39.8055710922652,5.46054983139038,5.686687437612818,-0.22613760622243806
67907.8761773801,224193.52004769,462,P02,perimeter_tin,,115.25,68.6293777297699,5.43968534469604,5.6848421411505115,-0.24515679645447186
67908.108988075,224193.611147527,463,P02,perimeter_tin,,115.5,68.6293777297699,5.46641302108765,5.683046921583809,-0.21663390049615927
67908.34179877,224193.702247364,464,P02,perimeter_tin,,115.75,68.6293777297699,5.479651927948,5.681251702016652,-0.2015997740686526
67908.5746094649,224193.793347201,465,P02,perimeter_tin,,116.0,68.6293777297699,5.49783515930176,5.679456482450178,-0.18162132314841806
67908.7348882074,224193.983918707,466,P02,perimeter_tin,,116.25,39.1736579713363,5.47532272338867,5.677616153200688,-0.20229342981201803
67908.8928064451,224194.177727454,467,P02,perimeter_tin,,116.5,39.1736579713363,5.46232080459595,5.675774355882822,-0.2134535512868725
67909.0507246829,224194.3715362,468,P02,perimeter_tin,,116.75,39.1736579713363,5.44499588012695,5.673932558569049,-0.22893667844209986
67909.2086429207,224194.565344947,469,P02,perimeter_tin,,117.0,39.1736579713363,5.41961050033569,5.672090761250274,-0.2524802609145844
67909.4267754828,224194.65367657,470,P02,perimeter_tin,,117.25,81.3843518155283,5.46747303009033,5.670394660038028,-0.20292162994769747
67909.6739543589,224194.691127915,471,P02,perimeter_tin,,117.5,81.3843518155283,5.55455684661865,5.668768840015218,-0.11421199339656862
67909.9211332349,224194.72857926,472,P02,perimeter_tin,,117.75,81.3843518155283,5.62682151794434,5.667143019993318,-0.040321502048978
67910.168312111,224194.766030605,473,P02,perimeter_tin,,118.0,81.3843518155283,5.67671346664429,5.665517199970509,0.01119626667378082
67910.415490987,224194.80348195,474,P02,perimeter_tin,,118.25,81.3843518155283,5.72096586227417,5.663891379948609,0.057074482325560894
67910.6626698631,224194.840933295,475,P02,perimeter_tin,,118.5,81.3843518155283,5.77290678024292,5.6622655599258,0.11064122031712031
67910.8646047306,224194.957244476,476,P02,perimeter_tin,,118.75,38.9275435933412,5.79232120513916,5.6605321282763725,0.13178907686278762
67911.0216890073,224195.151729771,477,P02,perimeter_tin,,119.0,38.9275435933412,5.71732616424561,5.658692020728267,0.05863414351734253
67911.1787732841,224195.346215067,478,P02,perimeter_tin,,119.25,38.9275435933412,5.57038402557373,5.656851913174933,-0.08646788760120305
67911.3358575609,224195.540700362,479,P02,perimeter_tin,,119.5,38.9275435933412,5.5610990524292,5.655011805626145,-0.09391275319694525
67911.4929418376,224195.735185657,480,P02,perimeter_tin,,119.75,38.9275435933412,5.57302713394165,5.65317169807804,-0.08014456413638982
67911.6500261144,224195.929670952,481,P02,perimeter_tin,,120.0,38.9275435933412,5.58771896362305,5.65133159052948,-0.06361262690642988
67911.783908793,224196.137225076,482,P02,perimeter_tin,,120.25,19.8552143697642,5.59171867370605,5.6495656922518265,-0.05784701854577623
67911.868819909,224196.372363551,483,P02,perimeter_tin,,120.5,19.8552143697642,5.57916688919067,5.647956427309964,-0.06878953811929378
67911.9537310249,224196.607502026,484,P02,perimeter_tin,,120.75,19.8552143697642,5.54917907714844,5.646347162368784,-0.09716808522034359
67912.0386421409,224196.842640501,485,P02,perimeter_tin,,121.0,19.8552143697642,5.5301456451416,5.644737897426694,-0.11459225228509418
67912.1235532568,224197.077778976,486,P02,perimeter_tin,,121.25,19.8552143697642,5.51494312286377,5.643128632485514,-0.12818550962174324
67912.2681634887,224197.273222538,487,P02,perimeter_tin,,121.5,47.3859440311858,5.50850772857666,5.64135710824462,-0.1328493796679595
67912.4521462416,224197.442486671,488,P02,perimeter_tin,,121.75,47.3859440311858,5.48659038543701,5.639478571400787,-0.15288818596377673
67912.667648466,224197.548420323,489,P02,perimeter_tin,,122.0,79.6951535303683,5.48708820343018,5.637714676374799,-0.1506264729446185
67912.9136159435,224197.593141683,490,P02,perimeter_tin,,122.25,79.6951535303683,5.4948673248291,5.636061588785196,-0.14119426395609658
67913.159583421,224197.637863042,491,P02,perimeter_tin,,122.5,79.6951535303683,5.50518178939819,5.6344085012001415,-0.12922671180195167
67913.3341369825,224197.798761092,492,P02,perimeter_tin,,122.75,37.1466866992844,5.51291704177856,5.632624780461811,-0.11970773868325058
67913.4851014045,224197.998034129,493,P02,perimeter_tin,,123.0,37.1466866992844,5.49653100967407,5.630797909543162,-0.13426689986909235
67913.6531083529,224198.173797943,494,P02,perimeter_tin,,123.25,70.9743939616839,5.45680141448975,5.628982284487165,-0.17218086999741544
67913.8894515984,224198.255295614,495,P02,perimeter_tin,,123.5,70.9743939616839,5.43135929107666,5.627211752540234,-0.1958524614635735
67914.1257948438,224198.336793285,496,P02,perimeter_tin,,123.75,70.9743939616839,5.43996572494507,5.625441220594212,-0.18547549564914156
67914.3621380892,224198.418290955,497,P02,perimeter_tin,,124.0,70.9743939616839,5.46597194671631,5.623670688652737,-0.15769874193642686
67914.4246956538,224198.538321349,498,P02,perimeter_tin,,124.25,314.028978069076,5.47420358657837,5.622736598770189,-0.1485330121918187
67914.2449485598,224198.712076874,499,P02,perimeter_tin,,124.5,314.028978069076,5.43101024627686,5.622968737353403,-0.1919584910765435
67914.0652014658,224198.885832398,500,P02,perimeter_tin,,124.75,314.028978069076,5.40798568725586,5.623200875941166,-0.21521518868530531
67914.1461975793,224199.093932235,501,P02,perimeter_tin,,125.0,30.9637565320735,5.41680765151978,5.621742378720228,-0.20493472720044803
67914.2748215182,224199.308305466,502,P02,perimeter_tin,,125.25,30.9637565320735,5.36378812789917,5.619975066908864,-0.25618693900969447
67914.4034454571,224199.522678698,503,P02,perimeter_tin,,125.5,30.9637565320735,5.32931518554688,5.618207755092726,-0.28889256954584575
67914.5320693959,224199.737051929,504,P02,perimeter_tin,,125.75,30.9637565320735,5.31322336196899,5.616440443282045,-0.303217081313055
67914.7090467028,224199.901043854,505,P02,perimeter_tin,,126.0,61.3895403343794,5.31033706665039,5.614627890578504,-0.30429082392811413
67914.928520596,224200.020756887,506,P02,perimeter_tin,,126.25,61.3895403343794,5.33939933776855,5.612775576771128,-0.27337623900257757
67915.1479944892,224200.140469919,507,P02,perimeter_tin,,126.5,61.3895403343794,5.33651494979858,5.610923262968299,-0.2744083131697188
67915.3206824313,224200.305729278,508,P02,perimeter_tin,,126.75,27.0720802383952,5.31557083129883,5.609129859662971,-0.2935590283641414
67915.4344601963,224200.528337948,509,P02,perimeter_tin,,127.0,27.0720802383952,5.27338409423828,5.607410633077734,-0.33402653883945366
67915.5482379612,224200.750946619,510,P02,perimeter_tin,,127.25,27.0720802383952,5.25030422210693,5.605691406488631,-0.35538718438170136
67915.6687068555,224200.969727641,511,P02,perimeter_tin,,127.5,32.4711922898938,5.2607593536377,5.603951056201595,-0.3431917025638951
67915.8029257286,224201.180643013,512,P02,perimeter_tin,,127.75,32.4711922898938,5.33413600921631,5.602167297630558,-0.2680312884142477
67915.9371446016,224201.391558385,513,P02,perimeter_tin,,128.0,32.4711922898938,5.58410263061523,5.6003835390602035,-0.01628090844497354
67916.0773588419,224201.597345527,514,P02,perimeter_tin,,128.25,48.6138807519977,5.71726179122925,5.598588883114871,0.11867290811437847
67916.264926657,224201.762628057,515,P02,perimeter_tin,,128.5,48.6138807519977,5.68254327774048,5.596708155770784,0.085835121969696
67916.452494472,224201.927910587,516,P02,perimeter_tin,,128.75,48.6138807519977,5.67218828201294,5.594827428427607,0.07736085358533362
67916.6400622871,224202.093193117,517,P02,perimeter_tin,,129.0,48.6138807519977,5.62163877487183,5.592946701083747,0.028692073788082695
67916.8276301022,224202.258475647,518,P02,perimeter_tin,,129.25,48.6138807519977,5.59671783447266,5.591065973739887,0.005651860732772462
67917.0151979172,224202.423758177,519,P02,perimeter_tin,,129.5,48.6138807519977,5.55847311019897,5.589185246396482,-0.03071213619751223
67917.2027657323,224202.589040707,520,P02,perimeter_tin,,129.75,48.6138807519977,5.5425066947937,5.587304519052623,-0.044797824258922425
67917.3903335473,224202.754323237,521,P02,perimeter_tin,,130.0,48.6138807519977,5.52905464172363,5.585423791709445,-0.05636914998581499
67917.5779013624,224202.919605767,522,P02,perimeter_tin,,130.25,48.6138807519977,5.51691055297852,5.583543064365358,-0.06663251138683801
67917.7889464481,224203.052234429,523,P02,perimeter_tin,,130.5,59.9558399298395,5.52957344055176,5.581679097192136,-0.05210565664037681
67918.0053563924,224203.177401262,524,P02,perimeter_tin,,130.75,59.9558399298395,5.53533315658569,5.579818959932709,-0.044485803347019015
67918.2217663367,224203.302568095,525,P02,perimeter_tin,,131.0,59.9558399298395,5.53636312484741,5.577958822673281,-0.041595697825870914
67918.438176281,224203.427734927,526,P02,perimeter_tin,,131.25,59.9558399298395,5.53821086883545,5.576098685418856,-0.03788781658340579
67918.6545862253,224203.55290176,527,P02,perimeter_tin,,131.5,59.9558399298395,5.54447078704834,5.574238548159428,-0.029767761111088475
67918.8709961697,224203.678068593,528,P02,perimeter_tin,,131.75,59.9558399298395,5.54847145080566,5.572378410899319,-0.023906960093659002
67919.087406114,224203.803235425,529,P02,perimeter_tin,,132.0,59.9558399298395,5.56394481658936,5.5705182736444385,-0.006573457055078613
67919.3038160583,224203.928402258,530,P02,perimeter_tin,,132.25,59.9558399298395,5.57105731964111,5.568658136385011,0.0023991832560987802
67919.5202260026,224204.053569091,531,P02,perimeter_tin,,132.5,59.9558399298395,5.578857421875,5.566797999125583,0.012059422749416626
67919.7366359469,224204.178735923,532,P02,perimeter_tin,,132.75,59.9558399298395,5.56844663619995,5.564937861870931,0.003508774329019637
67919.9530458913,224204.303902756,533,P02,perimeter_tin,,133.0,59.9558399298395,5.56636476516724,5.563077724611048,0.003287040556191556
67920.1694558356,224204.429069589,534,P02,perimeter_tin,,133.25,59.9558399298395,5.57785320281982,5.561217587351393,0.0166356154684264
67920.3858657799,224204.554236421,535,P02,perimeter_tin,,133.5,59.9558399298395,5.59594917297363,5.559357450096741,0.0365917228768895
67920.6082131404,224204.668123001,536,P02,perimeter_tin,,133.75,64.5235737102448,5.59537696838379,5.557515837858773,0.03786113052501694
67920.8339037246,224204.775657926,537,P02,perimeter_tin,,134.0,64.5235737102448,5.61456489562988,5.555684656646463,0.05888023898341732
67921.0595943089,224204.883192851,538,P02,perimeter_tin,,134.25,64.5235737102448,5.62197637557983,5.553853475433243,0.06812290014658728
67921.2852848931,224204.990727777,539,P02,perimeter_tin,,134.5,64.5235737102448,5.62708234786987,5.552022294215703,0.07506005365416701
67921.5109754773,224205.098262702,540,P02,perimeter_tin,,134.75,64.5235737102448,5.62830114364624,5.550191113003166,0.07811003064307442
67921.7366660616,224205.205797628,541,P02,perimeter_tin,,135.0,64.5235737102448,5.6208348274231,5.548359931785626,0.07247489563747411
67921.9623566458,224205.313332553,542,P02,perimeter_tin,,135.25,64.5235737102448,5.6248836517334,5.5465287505730885,0.07835490116031174
67922.1880472301,224205.420867479,543,P02,perimeter_tin,,135.5,64.5235737102448,5.60293436050415,5.544697569355094,0.058236791149056444
67922.4137378143,224205.528402404,544,P02,perimeter_tin,,135.75,64.5235737102448,5.59100961685181,5.542866388142556,0.048143228709253805
67922.6394283985,224205.635937329,545,P02,perimeter_tin,,136.0,64.5235737102448,5.58658981323242,5.541035206930019,0.04555460630240127
67922.8651189828,224205.743472255,546,P02,perimeter_tin,,136.25,64.5235737102448,5.56974601745605,5.539204025712024,0.030541991744025943
